,Player,Fpoints_avg_G,Fpoints_avg_min,Fpoints_per36,STL%,BLK%,USG,3PAr,FTr,TRB%,OWS,DWS,WS/48,BPM,VORP,Fpoints_permin_rank,Fpoints_pergame_rank,permin_pergame_rank_diff
0,Joel Embiid,62.09999999999999,1.8482142857142851,66.53571428571428,1.7,4.6,39.6,0.163,0.531,18.1,5.2,2.3,0.275,11.6,4.5,4.0,3.0,1.0
1,Luka Dončić,63.9,1.704,61.344,1.8,1.3,36.0,0.45,0.368,13.5,8.5,3.5,0.22,9.9,8.0,7.0,1.0,6.0
2,Giannis Antetokounmpo,58.3,1.6562499999999998,59.62499999999999,1.6,2.6,33.0,0.091,0.571,17.9,9.5,3.7,0.246,9.0,7.2,10.0,4.0,6.0
3,Shai Gilgeous-Alexander,56.8,1.6705882352941177,60.14117647058823,2.8,2.4,32.8,0.181,0.436,9.1,10.5,4.2,0.275,9.0,7.1,8.0,5.0,3.0
4,Jalen Brunson,46.2,1.305084745762712,46.98305084745763,1.3,0.4,32.5,0.319,0.302,5.7,8.8,2.4,0.198,5.8,5.4,35.0,18.0,17.0
5,Devin Booker,46.500000000000014,1.291666666666667,46.500000000000014,1.2,1.0,29.8,0.32,0.35,7.1,7.2,2.0,0.181,3.0,3.1,41.0,17.0,24.0
6,Kevin Durant,47.8,1.2849462365591395,46.25806451612903,1.2,2.9,29.0,0.283,0.295,10.0,5.1,3.2,0.142,4.0,4.3,43.0,12.0,31.0
7,Jayson Tatum,47.1,1.3193277310924367,47.49579831932772,1.4,1.4,30.2,0.427,0.349,12.3,6.4,4.1,0.189,5.1,4.7,32.0,14.0,18.0
8,De'Aaron Fox,46.7,1.3008356545961004,46.83008356545962,2.7,1.1,31.0,0.374,0.273,7.2,3.3,3.2,0.117,2.7,3.2,36.0,15.0,21.0
9,Donovan Mitchell,48.4,1.3711048158640229,49.359773371104815,2.6,1.4,31.4,0.454,0.292,8.1,3.6,2.9,0.159,5.8,3.9,22.0,11.0,11.0
10,Stephen Curry,42.4,1.2966360856269112,46.678899082568805,1.1,1.0,31.3,0.606,0.224,7.4,5.2,2.0,0.142,5.2,4.4,38.0,27.5,10.5
11,Nikola Jokić,62.99999999999999,1.8208092485549128,65.54913294797686,2.0,2.1,29.3,0.164,0.31,19.8,12.0,5.1,0.299,13.2,10.6,5.0,2.0,3.0
12,Anthony Edwards,42.4,1.207977207977208,43.48717948717949,1.8,1.3,32.3,0.341,0.325,8.8,2.9,4.7,0.13,3.3,3.7,63.0,27.5,35.5
13,Tyrese Maxey,44.8,1.1946666666666663,43.008,1.3,1.1,28.0,0.401,0.266,5.4,5.9,2.1,0.147,3.1,3.4,76.0,23.0,53.0
14,LeBron James,51.80000000000002,1.467422096317281,52.82719546742212,1.7,1.3,29.2,0.286,0.318,11.5,5.7,2.8,0.164,6.5,5.4,15.0,7.0,8.0
15,Trae Young,46.69999999999999,1.2972222222222218,46.69999999999999,1.8,0.5,30.5,0.465,0.404,4.2,4.0,0.6,0.114,2.6,2.2,37.0,16.0,21.0
16,Kyrie Irving,47.19999999999999,1.3485714285714283,48.54857142857142,1.7,1.2,28.1,0.372,0.186,7.8,4.9,2.0,0.163,4.9,3.6,28.0,13.0,15.0
17,Ja Morant,45.70000000000001,1.294617563739377,46.60623229461758,1.1,1.5,30.4,0.3,0.376,8.6,0.5,0.3,0.124,3.1,0.4,40.0,21.0,19.0
18,Anthony Davis,55.1,1.552112676056338,55.87605633802816,1.6,5.7,26.7,0.083,0.402,19.8,7.2,4.7,0.21,5.1,4.9,14.0,6.0,8.0
19,Damian Lillard,42.1,1.1926345609065157,42.93484419263456,1.3,0.6,28.4,0.487,0.403,6.8,5.8,1.9,0.143,2.1,2.7,77.0,30.0,47.0
20,DeMar DeRozan,41.29999999999999,1.0925925925925923,39.33333333333332,1.5,1.5,25.8,0.166,0.452,6.4,7.0,2.2,0.147,1.8,2.8,137.0,32.0,105.0
21,Julius Randle,38.60000000000001,1.090395480225989,39.254237288135606,0.8,0.7,29.9,0.292,0.361,14.6,1.9,1.9,0.113,1.9,1.6,141.0,43.0,98.0
22,LaMelo Ball,45.4,1.405572755417957,50.60061919504644,2.8,0.5,34.3,0.466,0.246,8.9,0.6,0.5,0.074,3.3,1.0,19.0,22.0,-3.0
23,Desmond Bane,41.20000000000001,1.1976744186046515,43.11627906976746,1.5,1.4,28.5,0.464,0.207,7.0,1.8,1.3,0.102,2.8,1.7,73.0,33.0,40.0
24,Kawhi Leonard,45.899999999999984,1.3381924198250723,48.17492711370261,2.4,2.3,26.5,0.289,0.246,10.1,6.0,2.9,0.184,5.5,4.4,30.0,20.0,10.0
25,Lauri Markkanen,40.3,1.217522658610272,43.83081570996978,1.3,1.3,25.0,0.493,0.311,13.6,5.2,0.9,0.163,3.6,2.6,56.0,37.0,19.0
26,Jaylen Brown,38.6,1.1522388059701494,41.48059701492538,1.8,1.4,28.9,0.326,0.239,8.9,2.7,3.2,0.121,0.7,1.6,103.0,44.0,59.0
27,Zion Williamson,40.5,1.2857142857142858,46.28571428571429,1.7,2.1,29.7,0.016,0.452,10.2,4.7,2.8,0.164,3.8,3.3,42.0,35.0,7.0
28,Cade Cunningham,39.899999999999984,1.1910447761194023,42.87761194029849,1.3,0.9,30.8,0.287,0.235,7.2,0.7,1.0,0.041,0.3,1.2,78.0,39.0,39.0
29,Paolo Banchero,38.1,1.0885714285714283,39.18857142857143,1.3,1.6,29.7,0.249,0.397,11.6,1.3,4.0,0.09,1.3,2.3,142.0,49.0,93.0
30,Paul George,40.7,1.2041420118343198,43.34911242603551,2.2,1.3,26.6,0.476,0.235,8.8,4.4,2.8,0.14,3.2,3.3,66.0,34.0,32.0
31,Anfernee Simons,34.60000000000001,1.0058139534883723,36.209302325581405,0.7,0.3,28.0,0.484,0.213,5.9,1.7,0.5,0.068,0.2,0.8,186.0,67.0,119.0
32,Jaren Jackson Jr.,37.6,1.167701863354037,42.03726708074533,1.8,4.7,30.4,0.315,0.359,9.4,0.2,2.8,0.067,0.4,1.3,91.0,52.5,38.5
33,Dejounte Murray,42.49999999999999,1.1904761904761902,42.85714285714285,1.9,0.8,26.6,0.379,0.179,8.1,3.3,1.6,0.084,1.7,2.6,80.0,26.0,54.0
34,Cam Thomas,30.700000000000006,0.977707006369427,35.19745222929937,1.1,0.7,30.5,0.333,0.281,5.6,1.3,1.2,0.058,-1.2,0.4,204.0,94.0,110.0
35,Kyle Kuzma,36.7,1.125766871165644,40.52760736196319,0.8,1.8,29.7,0.343,0.183,10.9,-1.0,1.1,0.004,-1.1,0.5,116.0,59.0,57.0
36,Karl-Anthony Towns,37.6,1.149847094801223,41.39449541284402,1.0,1.8,27.4,0.344,0.307,14.4,2.6,3.6,0.148,2.5,2.3,107.0,52.5,54.5
37,Pascal Siakam,39.0,1.1746987951807228,42.28915662650602,1.1,0.8,25.3,0.194,0.312,11.9,5.4,1.5,0.124,1.9,2.7,87.0,41.5,45.5
46,Victor Wembanyama,51.2,1.723905723905724,62.06060606060606,2.0,10.0,32.2,0.332,0.309,19.4,-0.7,4.4,0.085,5.2,3.8,6.0,8.0,-2.0
47,Jamal Murray,42.3,1.3428571428571427,48.34285714285714,1.5,1.8,27.9,0.346,0.187,7.2,3.8,2.1,0.153,4.1,2.9,29.0,29.0,0.0
48,Alperen Sengun,42.80000000000002,1.3169230769230775,47.40923076923079,1.8,2.1,27.0,0.113,0.358,15.4,3.8,3.1,0.163,4.9,3.5,34.0,25.0,9.0
49,Miles Bridges,36.9,0.9866310160427808,35.518716577540104,1.2,1.2,24.7,0.372,0.174,11.0,0.7,1.4,0.04,-1.1,0.6,197.0,57.0,140.0
50,Jerami Grant,31.0,0.9144542772861356,32.92035398230089,1.2,1.7,25.7,0.325,0.367,5.8,1.7,1.0,0.071,-0.1,0.9,262.0,90.0,172.0
51,Jimmy Butler,39.0,1.1470588235294117,41.29411764705882,1.9,0.8,24.0,0.183,0.579,8.8,6.4,2.7,0.214,4.6,3.4,110.0,41.5,68.5
52,Tyler Herro,34.599999999999994,1.0328358208955222,37.1820895522388,1.1,0.2,27.8,0.453,0.151,8.9,0.4,1.6,0.068,0.8,1.0,165.0,69.0,96.0
53,Brandon Ingram,37.900000000000006,1.1519756838905777,41.4711246200608,1.2,1.9,27.2,0.238,0.302,8.6,2.7,2.4,0.117,1.2,1.7,104.0,50.0,54.0
54,RJ Barrett,31.4,0.9905362776025236,35.65930599369085,0.8,1.1,26.5,0.284,0.331,9.5,1.6,1.2,0.075,-0.8,0.6,193.0,85.0,108.0
63,Tyrese Haliburton,50.3,1.5621118012422357,56.23602484472048,1.8,1.7,24.6,0.51,0.217,6.9,7.6,1.5,0.195,6.9,5.0,13.0,9.0,4.0
64,Kristaps Porziņģis,39.99999999999999,1.351351351351351,48.64864864864864,1.2,5.8,25.1,0.39,0.402,13.1,4.9,3.0,0.226,5.1,3.0,27.0,38.0,-11.0
65,CJ McCollum,37.89999999999999,1.1590214067278284,41.72477064220182,1.4,1.9,24.7,0.528,0.132,7.4,3.5,2.4,0.132,3.1,2.8,99.0,51.0,48.0
66,Scottie Barnes,46.0,1.318051575931232,47.44985673352436,1.7,3.7,24.8,0.314,0.266,13.0,2.3,2.0,0.098,3.7,3.0,33.0,19.0,14.0
67,Terry Rozier,36.8,1.101796407185629,39.664670658682645,1.5,1.0,25.9,0.411,0.198,6.8,2.3,1.6,0.091,1.5,1.8,134.0,58.0,76.0
76,Franz Wagner,34.7,1.0676923076923075,38.43692307692307,1.6,1.1,25.7,0.305,0.291,9.6,3.1,3.2,0.131,1.2,1.9,147.0,65.5,81.5
77,Mikal Bridges,32.79999999999999,0.9425287356321836,33.93103448275861,1.4,0.9,24.3,0.457,0.245,7.1,2.1,2.1,0.07,-0.4,1.2,237.0,76.0,161.0
78,Jalen Green,30.900000000000013,0.9747634069400636,35.091482649842284,1.2,1.0,27.4,0.454,0.264,8.7,0.2,2.9,0.056,-0.5,1.0,207.0,92.0,115.0
79,Zach LaVine,33.1,0.9484240687679084,34.1432664756447,1.2,0.9,23.8,0.449,0.274,8.3,0.8,0.6,0.08,0.1,0.5,233.0,75.0,158.0
80,Devin Vassell,34.8,1.051359516616314,37.84894259818731,1.5,0.8,23.5,0.422,0.19,6.3,2.0,1.6,0.077,0.0,1.1,153.0,64.0,89.0
81,Domantas Sabonis,50.2,1.406162464985994,50.62184873949579,1.2,1.5,22.2,0.081,0.389,21.4,8.6,4.0,0.206,6.5,6.2,18.0,10.0,8.0
82,Bam Adebayo,40.39999999999999,1.1882352941176468,42.77647058823528,1.7,2.7,24.9,0.041,0.381,17.3,2.9,4.3,0.144,2.4,2.7,81.0,36.0,45.0
83,Coby White,33.59999999999999,0.9205479452054792,33.139726027397245,0.9,0.6,22.7,0.46,0.215,6.9,3.1,1.6,0.078,-0.7,0.9,258.0,72.0,186.0
84,Jalen Williams,37.400000000000006,1.1948881789137382,43.015974440894574,1.7,1.9,23.7,0.243,0.223,7.1,4.5,2.7,0.157,2.3,2.4,75.0,54.0,21.0
85,Collin Sexton,31.6,1.18796992481203,42.766917293233085,1.4,0.8,27.5,0.313,0.356,5.4,5.2,0.3,0.127,1.9,2.0,82.0,84.0,-2.0
86,Bradley Beal,35.4,1.063063063063063,38.270270270270274,1.4,1.3,22.7,0.32,0.182,7.4,2.4,1.5,0.107,0.4,1.1,149.0,62.0,87.0
87,Darius Garland,33.300000000000004,0.9970059880239522,35.892215568862284,1.9,0.3,25.3,0.423,0.208,4.5,0.7,2.0,0.067,-1.0,0.5,190.0,73.0,117.0
88,D'Angelo Russell,36.5,1.1162079510703362,40.183486238532105,1.3,1.3,23.0,0.505,0.178,5.3,3.3,1.8,0.099,0.9,1.8,128.0,60.0,68.0
89,Nikola Vučević,38.30000000000001,1.1166180758017497,40.19825072886299,1.0,2.4,23.3,0.258,0.107,17.1,2.7,2.8,0.1,0.1,1.4,127.0,46.0,81.0
90,Klay Thompson,28.600000000000005,0.9629629629629632,34.66666666666667,1.1,1.4,24.2,0.611,0.121,6.0,1.8,1.7,0.075,-0.4,0.9,219.0,117.0,102.0
91,Jordan Poole,29.2,0.9700996677740864,34.923588039867106,1.7,0.9,26.4,0.476,0.185,4.8,-1.5,0.8,-0.013,-3.9,-1.2,213.0,108.0,105.0
92,Fred VanVleet,43.2,1.1739130434782608,42.26086956521739,1.8,2.0,19.7,0.576,0.225,5.6,5.3,3.1,0.15,3.4,3.6,89.0,24.0,65.0
93,Brandon Miller,29.1,0.903726708074534,32.53416149068323,1.4,1.6,23.9,0.455,0.16,7.4,-0.3,1.0,0.015,-2.6,-0.3,275.0,110.0,165.0
94,Tobias Harris,34.7,1.0266272189349115,36.95857988165682,1.5,1.8,20.7,0.271,0.224,10.6,3.2,2.7,0.121,0.9,1.7,172.0,65.5,106.5
95,Jordan Clarkson,26.5,0.8660130718954248,31.17647058823529,1.0,0.3,26.1,0.379,0.246,6.2,0.1,0.1,0.006,-4.5,-1.1,308.0,132.5,175.5
96,Myles Turner,34.6,1.2814814814814814,46.13333333333333,0.9,5.5,23.4,0.356,0.349,14.5,3.6,2.2,0.134,0.9,1.5,44.0,68.0,-24.0
97,Immanuel Quickley,31.099999999999994,1.0650684931506849,38.342465753424655,1.2,0.5,23.8,0.484,0.274,7.2,3.5,1.2,0.115,1.3,1.7,148.0,88.0,60.0
106,Bogdan Bogdanović,30.599999999999994,1.006578947368421,36.23684210526316,1.9,1.0,22.3,0.583,0.149,6.2,2.8,1.2,0.079,0.2,1.4,185.0,98.0,87.0
107,Deandre Ayton,36.4,1.123456790123457,40.44444444444445,1.5,2.1,21.1,0.013,0.105,19.1,1.8,2.1,0.106,0.3,1.0,120.0,61.0,59.0
108,Michael Porter Jr.,31.2,0.9842271293375394,35.43217665615142,0.8,1.8,20.7,0.513,0.102,12.2,3.1,3.1,0.115,0.1,1.3,199.0,86.0,113.0
109,James Harden,41.5,1.209912536443149,43.55685131195336,1.5,2.1,20.6,0.594,0.418,8.4,5.9,2.5,0.163,4.1,3.8,62.0,31.0,31.0
110,Jarrett Allen,38.10000000000001,1.2018927444794956,43.26813880126184,1.1,3.0,19.4,0.007,0.383,18.7,6.8,3.9,0.21,3.0,3.1,69.0,48.0,21.0
111,Chet Holmgren,39.3,1.3367346938775513,48.12244897959184,1.1,7.3,21.6,0.366,0.289,15.0,4.6,4.4,0.178,3.4,3.3,31.0,40.0,-9.0
112,Jonathan Kuminga,27.4,1.0418250950570342,37.50570342205323,1.4,1.7,24.1,0.191,0.347,9.8,2.7,1.9,0.113,-0.4,0.8,160.0,126.0,34.0
113,Jalen Johnson,37.2,1.1038575667655786,39.738872403560826,1.7,2.2,19.1,0.285,0.209,14.1,2.1,1.7,0.098,1.2,1.5,132.0,55.5,76.5
114,Austin Reaves,32.5,1.0124610591900312,36.44859813084112,1.2,0.8,20.3,0.447,0.289,7.4,3.9,2.0,0.108,0.4,1.6,180.0,78.0,102.0
115,Shaedon Sharpe,26.000000000000007,0.7854984894259821,28.277945619335355,1.3,1.0,22.4,0.415,0.274,8.5,-0.2,0.6,0.022,-2.8,-0.2,384.0,141.0,243.0
116,Malcolm Brogdon,31.1,1.083623693379791,39.01045296167247,1.2,0.6,23.0,0.401,0.234,7.4,2.0,0.6,0.111,2.0,1.1,144.0,87.0,57.0
117,Keldon Johnson,28.0,0.9491525423728812,34.16949152542372,1.2,0.8,21.9,0.426,0.256,10.0,1.5,1.5,0.071,-1.7,0.2,231.0,122.0,109.0
118,Evan Mobley,38.4,1.2549019607843137,45.17647058823529,1.5,4.2,20.6,0.107,0.31,17.2,2.8,2.7,0.174,2.9,1.9,47.0,45.0,2.0
119,De'Andre Hunter,24.1,0.8169491525423729,29.410169491525423,1.1,0.9,20.6,0.459,0.296,7.2,1.6,0.6,0.062,-2.4,-0.2,349.0,157.5,191.5
120,Donte DiVincenzo,30.39999999999999,1.0446735395189,37.6082474226804,2.3,1.4,21.3,0.702,0.114,7.1,3.6,3.0,0.135,3.4,3.2,156.0,100.0,56.0
121,Jaden Ivey,25.0,0.8680555555555556,31.25,1.2,1.6,24.9,0.379,0.311,6.6,-0.5,1.0,0.01,-3.1,-0.6,305.0,151.0,154.0
122,Malik Monk,29.000000000000007,1.1153846153846156,40.15384615384616,1.2,1.9,25.9,0.474,0.23,6.3,1.9,1.6,0.09,0.6,1.2,129.0,112.0,17.0
123,Kelly Oubre Jr.,27.200000000000006,0.9006622516556294,32.42384105960266,1.8,2.1,22.4,0.37,0.264,9.2,0.6,2.4,0.07,-2.3,-0.1,280.0,128.0,152.0
124,Bojan Bogdanović,20.8,0.803088803088803,28.91119691119691,1.0,0.3,24.6,0.49,0.219,5.7,0.3,0.7,0.034,-3.2,-0.4,373.0,204.5,168.5
133,Keegan Murray,30.7,0.913690476190476,32.89285714285714,1.5,2.1,18.1,0.524,0.127,9.1,2.6,2.6,0.096,-0.9,0.8,263.0,95.0,168.0
134,Derrick White,37.2,1.1411042944785277,41.07975460122699,1.5,3.2,18.6,0.59,0.181,7.0,5.2,3.3,0.171,3.8,3.5,112.0,55.5,56.5
135,John Collins,30.4,1.0857142857142856,39.08571428571428,1.0,2.9,20.4,0.311,0.248,16.7,3.1,1.3,0.11,-0.9,0.5,143.0,99.0,44.0
136,Khris Middleton,31.8,1.1777777777777778,42.4,1.6,0.9,23.9,0.384,0.187,9.5,1.9,1.4,0.109,1.1,1.2,85.0,82.0,3.0
137,Trey Murphy III,29.8,1.0067567567567566,36.24324324324324,1.5,1.6,18.6,0.717,0.243,9.2,3.4,2.0,0.154,2.5,1.9,183.0,103.0,80.0
138,OG Anunoby,29.5,0.8676470588235294,31.235294117647054,2.0,1.9,17.6,0.463,0.154,6.8,1.1,1.5,0.073,-0.6,0.6,307.0,106.5,200.5
147,Deni Avdija,30.9,1.026578073089701,36.95681063122923,1.2,1.3,20.2,0.293,0.34,12.8,1.7,1.5,0.068,-0.9,0.6,173.0,93.0,80.0
148,GG Jackson II,22.3,0.867704280155642,31.23735408560312,1.1,1.8,24.2,0.508,0.272,8.7,0.2,1.1,0.048,-2.0,0.0,306.0,177.0,129.0
149,Bennedict Mathurin,22.0,0.842911877394636,30.344827586206897,1.1,0.7,23.4,0.323,0.338,8.6,0.8,0.7,0.045,-3.4,-0.6,331.0,184.0,147.0
150,Marcus Smart,29.0,0.957095709570957,34.45544554455445,3.3,0.8,22.9,0.565,0.236,4.8,-0.5,0.7,0.02,-2.4,0.0,222.0,114.5,107.5
151,Tim Hardaway Jr.,21.8,0.8134328358208955,29.28358208955224,1.0,0.2,22.6,0.612,0.173,6.5,0.8,1.4,0.05,-2.9,-0.5,357.0,187.5,169.5
152,Dennis Schröder,29.0,0.932475884244373,33.569131832797424,1.2,0.6,20.3,0.397,0.23,5.3,2.3,1.0,0.063,-1.8,0.1,250.0,114.5,135.5
161,Rudy Gobert,38.20000000000001,1.1202346041055722,40.3284457478006,1.0,5.5,15.4,0.005,0.635,21.5,5.8,5.8,0.216,1.8,2.5,123.0,47.0,76.0
162,Scoot Henderson,23.0,0.8070175438596491,29.052631578947366,1.3,0.7,26.5,0.336,0.256,6.2,-2.5,0.9,-0.045,-5.8,-1.7,369.0,170.0,199.0
163,Caris LeVert,30.3,1.0520833333333333,37.875,1.9,1.6,23.1,0.405,0.245,8.0,1.0,2.6,0.088,0.2,1.1,152.0,101.0,51.0
164,Aaron Gordon,30.6,0.9714285714285712,34.97142857142857,1.2,1.7,17.8,0.193,0.376,11.4,4.5,2.6,0.148,1.3,1.9,210.0,97.0,113.0
165,Norman Powell,22.000000000000007,0.8396946564885499,30.2290076335878,1.1,1.0,20.0,0.5,0.224,5.5,2.8,1.3,0.099,-0.8,0.6,335.0,179.0,156.0
166,Jalen Duren,32.7,1.1237113402061856,40.45360824742268,0.9,2.3,18.5,0.007,0.321,22.2,3.0,1.8,0.13,-0.1,0.9,119.0,77.0,42.0
167,Bobby Portis,27.5,1.1224489795918366,40.40816326530612,1.6,1.4,22.9,0.268,0.135,16.6,2.1,2.6,0.112,-0.8,0.6,122.0,124.5,-2.5
168,Saddiq Bey,24.8,0.7584097859327217,27.30275229357798,1.2,0.5,17.0,0.514,0.291,10.9,2.8,0.7,0.081,-1.8,0.1,407.0,153.0,254.0
169,Jabari Smith Jr.,29.0,0.9090909090909092,32.727272727272734,1.0,2.3,17.6,0.456,0.222,13.6,2.4,3.2,0.111,-0.4,1.0,266.0,114.5,151.5
170,Gary Trent Jr.,23.499999999999996,0.8362989323843414,30.10676156583629,1.9,0.4,20.0,0.535,0.113,5.2,0.8,0.9,0.04,-2.6,-0.3,337.0,164.0,173.0
171,Rui Hachimura,24.5,0.9107806691449812,32.78810408921933,1.1,1.2,18.5,0.343,0.198,8.9,2.7,1.5,0.108,-0.9,0.5,264.0,155.0,109.0
172,Grayson Allen,29.1,0.8686567164179105,31.27164179104478,1.3,1.6,14.5,0.652,0.216,6.6,4.7,2.2,0.132,1.3,2.0,303.0,110.0,193.0
173,Naz Reid,26.399999999999995,1.0909090909090908,39.27272727272727,1.6,3.3,23.1,0.479,0.174,12.2,1.1,3.8,0.12,1.5,1.7,139.5,134.0,5.5
174,Cameron Johnson,25.8,0.934782608695652,33.65217391304347,1.5,0.8,19.6,0.57,0.176,8.6,2.0,1.3,0.1,0.4,1.0,246.0,143.5,102.5
175,Corey Kispert,22.0,0.8527131782945736,30.69767441860465,0.9,0.6,19.6,0.605,0.198,5.8,1.7,0.4,0.048,-2.1,-0.1,322.0,184.0,138.0
176,Andrew Wiggins,23.1,0.8555555555555556,30.800000000000004,1.1,1.9,20.9,0.326,0.242,9.0,1.2,1.6,0.07,-2.5,-0.3,318.0,167.5,150.5
177,Keyonte George,21.2,0.7851851851851852,28.266666666666666,0.9,0.3,22.8,0.54,0.274,5.7,-0.4,0.1,-0.008,-4.4,-1.2,385.0,194.5,190.5
178,P.J. Washington,26.6,0.875,31.5,1.6,2.4,19.1,0.509,0.179,10.3,0.0,1.9,0.04,-2.1,-0.1,295.0,131.0,164.0
187,Scotty Pippen Jr.,29.6,1.1792828685258965,42.45418326693228,3.3,1.8,23.0,0.355,0.271,7.0,0.3,0.7,0.09,1.3,0.4,84.0,105.0,-21.0
188,Duncan Robinson,23.599999999999994,0.8428571428571426,30.34285714285713,1.2,0.8,19.0,0.701,0.133,5.1,1.6,2.0,0.091,-0.9,0.6,332.0,162.0,170.0
189,Dillon Brooks,21.100000000000005,0.6828478964401297,24.58252427184467,1.4,0.4,17.6,0.482,0.191,5.9,0.6,2.1,0.058,-3.6,-0.9,464.0,197.0,267.0
190,Mark Williams,32.099999999999994,1.2022471910112358,43.280898876404486,1.6,3.7,17.1,0.0,0.424,20.4,1.6,0.5,0.198,0.8,0.3,68.0,80.0,-12.0
191,Jalen Suggs,26.5,0.9814814814814816,35.333333333333336,2.6,2.2,19.7,0.539,0.218,6.6,1.5,3.2,0.112,1.0,1.5,202.0,132.5,69.5
192,Jrue Holiday,32.2,0.9817073170731708,35.34146341463416,1.3,2.1,16.3,0.467,0.104,8.9,3.3,3.0,0.133,2.1,2.4,201.0,79.0,122.0
193,Brook Lopez,31.7,1.039344262295082,37.41639344262295,0.9,6.7,16.0,0.535,0.177,9.3,3.1,2.8,0.117,1.0,1.8,162.0,83.0,79.0
194,Josh Giddey,29.0,1.1553784860557768,41.59362549800797,1.2,2.0,23.1,0.287,0.146,14.2,1.4,2.9,0.102,1.5,1.8,102.0,114.5,-12.5
195,Cam Whitmore,19.5,1.0427807486631016,37.54010695187166,1.7,1.8,27.1,0.471,0.24,11.0,0.4,1.1,0.082,0.1,0.5,158.0,217.5,-59.5
196,Harrison Barnes,20.2,0.696551724137931,25.07586206896552,1.1,0.5,15.7,0.526,0.268,5.9,3.1,1.5,0.094,-1.8,0.1,452.0,209.0,243.0
197,Ayo Dosunmu,25.4,0.8728522336769758,31.42268041237113,1.5,1.7,17.2,0.41,0.146,5.5,2.6,1.5,0.089,-0.8,0.7,300.0,146.0,154.0
198,Javonte Green,29.700000000000003,1.16015625,41.765625,2.2,3.6,16.7,0.36,0.173,16.3,0.5,0.3,0.18,2.0,0.2,98.0,104.0,-6.0
199,Aaron Nesmith,25.099999999999994,0.9061371841155232,32.62093862815884,1.5,2.0,16.0,0.526,0.216,7.8,2.8,1.3,0.098,-0.5,0.8,269.0,150.0,119.0
200,Max Strus,27.3,0.853125,30.7125,1.4,1.2,17.4,0.658,0.133,8.5,1.2,2.6,0.083,-0.6,0.8,321.0,127.0,194.0
201,Jonas Valančiūnas,28.200000000000003,1.2000000000000002,43.2,0.8,3.5,20.8,0.167,0.285,20.9,3.9,3.1,0.177,1.2,1.6,71.0,119.5,-48.5
202,Buddy Hield,24.9,0.9688715953307392,34.87937743190661,1.6,1.6,19.2,0.668,0.069,7.0,1.9,1.6,0.077,0.4,1.3,215.0,152.0,63.0
211,Tyus Jones,34.1,1.1638225255972696,41.89761092150171,1.7,0.8,16.3,0.384,0.06,5.0,3.9,0.7,0.113,0.7,1.3,95.0,70.0,25.0
212,Jaime Jaquez Jr.,23.3,0.8262411347517731,29.74468085106383,1.8,0.9,18.7,0.29,0.251,7.6,1.4,2.7,0.092,-1.9,0.1,343.0,166.0,177.0
213,Nic Claxton,35.0,1.174496644295302,42.28187919463088,1.1,6.2,15.6,0.009,0.337,18.2,3.5,3.2,0.152,1.2,1.7,88.0,63.0,25.0
214,Marvin Bagley III,23.1,1.09478672985782,39.41232227488152,0.9,2.6,21.0,0.056,0.309,16.1,2.0,0.7,0.122,-0.4,0.4,136.0,167.5,-31.5
223,Ivica Zubac,29.1,1.1022727272727273,39.68181818181818,0.6,4.2,16.4,0.0,0.32,19.7,4.5,2.3,0.182,0.8,1.3,133.0,110.0,23.0
224,Cole Anthony,22.6,1.0089285714285716,36.32142857142858,1.7,1.9,23.7,0.36,0.286,10.1,0.9,2.7,0.096,0.1,1.0,181.0,174.0,7.0
225,Jeremy Sochan,25.399999999999995,0.8581081081081079,30.891891891891884,1.3,1.5,18.8,0.293,0.186,11.7,-0.5,1.9,0.03,-3.4,-0.8,315.0,147.0,168.0
226,Clint Capela,31.0,1.2015503875968991,43.25581395348837,1.1,5.1,17.3,0.002,0.333,22.4,4.4,1.9,0.161,0.1,1.0,70.0,90.0,-20.0
227,Mike Conley,30.60000000000001,1.0588235294117652,38.11764705882354,2.0,0.7,16.0,0.629,0.174,5.6,5.0,3.3,0.18,3.4,3.0,151.0,96.0,55.0
228,Malik Beasley,21.40000000000001,0.7229729729729731,26.02702702702703,1.2,0.3,14.6,0.751,0.048,6.8,1.9,1.6,0.073,-1.8,0.1,429.0,190.0,239.0
229,Brandon Clarke,26.2,1.1748878923766817,42.29596412556053,1.8,4.2,20.8,0.102,0.119,13.1,0.1,0.2,0.108,1.0,0.1,86.0,139.5,-53.5
230,Zach Collins,23.6,1.0678733031674208,38.44343891402715,1.1,2.8,22.7,0.294,0.263,13.1,0.4,1.5,0.057,-2.0,0.0,146.0,161.0,-15.0
231,De'Anthony Melton,26.3,0.9776951672862452,35.19702602230483,2.9,1.4,18.3,0.594,0.219,7.6,0.8,1.4,0.099,0.5,0.7,205.0,136.5,68.5
232,Jakob Poeltl,32.0,1.2121212121212122,43.63636363636364,1.3,5.1,16.2,0.0,0.283,17.9,2.4,1.4,0.138,0.7,0.9,58.0,81.0,-23.0
233,Russell Westbrook,25.3,1.1244444444444446,40.48,2.4,1.4,25.2,0.232,0.241,12.7,0.2,1.9,0.066,0.5,1.0,117.0,148.0,-31.0
234,Daniel Gafford,33.9,1.383673469387755,49.81224489795918,1.7,7.1,14.7,0.0,0.365,16.7,5.2,2.5,0.205,2.6,2.1,21.0,71.0,-50.0
243,Wendell Carter Jr.,24.3,0.94921875,34.171875,1.2,1.9,17.2,0.402,0.315,15.9,2.2,2.1,0.149,0.9,1.0,230.0,156.0,74.0
244,Eric Gordon,21.2,0.7625899280575539,27.45323741007194,1.7,1.4,16.5,0.642,0.104,3.6,1.0,1.5,0.063,-1.7,0.1,403.0,194.5,208.5
245,Herbert Jones,27.5,0.9016393442622952,32.459016393442624,2.2,2.6,14.1,0.464,0.269,6.5,3.3,3.0,0.131,0.6,1.6,279.0,124.5,154.5
246,Luke Kennard,22.1,0.86328125,31.078125,1.0,0.2,16.7,0.756,0.143,6.2,1.4,0.7,0.099,-0.3,0.4,310.0,178.0,132.0
247,Luguentz Dort,22.000000000000004,0.7746478873239439,27.88732394366198,1.5,1.9,15.4,0.603,0.236,7.0,2.0,2.5,0.097,-1.6,0.2,397.0,181.0,216.0
248,Jusuf Nurkić,33.3,1.2197802197802197,43.91208791208791,1.9,3.4,19.1,0.144,0.416,22.8,2.0,3.8,0.133,1.1,1.6,55.0,74.0,-19.0
249,Isaiah Stewart,23.500000000000004,0.760517799352751,27.37864077669904,0.6,2.3,14.5,0.458,0.223,11.9,0.9,0.8,0.056,-2.3,-0.1,406.0,163.0,243.0
250,Moritz Wagner,19.9,1.1242937853107344,40.47457627118644,1.4,1.4,22.8,0.208,0.37,14.4,3.5,2.0,0.188,2.0,1.4,118.0,214.0,-96.0
251,Bruce Brown,22.9,0.8207885304659499,29.5483870967742,1.5,0.8,16.5,0.282,0.244,8.5,1.2,1.0,0.058,-3.3,-0.6,346.0,172.0,174.0
260,Jake LaRavia,18.8,0.8173913043478261,29.42608695652174,1.8,1.4,21.1,0.515,0.36,8.7,0.3,0.8,0.062,-2.5,-0.1,348.0,226.5,121.5
261,Santi Aldama,25.2,0.9509433962264148,34.23396226415093,1.3,3.1,17.9,0.535,0.153,11.9,0.4,2.0,0.07,-0.2,0.7,228.0,149.0,79.0
262,Simone Fontecchio,20.3,0.8152610441767068,29.34939759036144,1.3,1.2,16.5,0.609,0.12,8.3,1.5,0.6,0.061,-1.0,0.4,353.0,208.0,145.0
271,Spencer Dinwiddie,23.4,0.8268551236749115,29.76678445229681,1.2,0.9,16.6,0.575,0.328,5.2,2.3,1.3,0.081,-1.9,0.1,342.0,165.0,177.0
280,Jaden McDaniels,20.8,0.7123287671232876,25.64383561643836,1.5,1.8,15.7,0.406,0.126,6.0,0.3,3.1,0.077,-2.6,-0.3,438.0,204.5,233.5
281,Alec Burks,15.699999999999998,0.8532608695652173,30.71739130434782,1.1,0.9,24.4,0.58,0.293,6.9,0.7,0.7,0.054,-2.3,-0.1,320.0,280.0,40.0
290,Dalano Banton,18.3,0.943298969072165,33.95876288659794,1.6,1.7,25.7,0.398,0.24,9.5,-0.4,0.9,0.024,-1.3,0.2,236.0,235.0,1.0
299,Grant Williams,21.200000000000003,0.7571428571428572,27.25714285714286,1.0,1.6,15.9,0.555,0.231,8.3,1.3,1.3,0.059,-2.6,-0.3,410.0,192.0,218.0
308,Obi Toppin,22.0,1.0426540284360186,37.53554502369667,1.3,2.0,16.8,0.437,0.173,10.5,3.6,1.1,0.132,1.5,1.5,159.0,184.0,-25.0
309,Kevin Huerter,22.5,0.9221311475409836,33.196721311475414,1.4,1.3,17.3,0.609,0.084,8.0,1.5,1.4,0.089,-0.8,0.5,256.0,175.0,81.0
310,Reggie Jackson,19.7,0.8873873873873872,31.94594594594594,1.2,0.6,21.7,0.376,0.13,4.7,0.6,1.5,0.056,-3.2,-0.6,289.0,215.0,74.0
311,T.J. McConnell,26.2,1.439560439560439,51.82417582417582,2.6,0.5,23.7,0.074,0.105,8.4,2.8,1.1,0.143,3.0,1.6,17.0,139.5,-122.5
312,Onyeka Okongwu,26.0,1.0196078431372548,36.70588235294117,0.9,3.8,13.7,0.189,0.318,14.6,3.5,1.0,0.153,-0.4,0.5,174.0,142.0,32.0
313,Kentavious Caldwell-Pope,23.8,0.7531645569620253,27.11392405063291,2.0,1.5,12.9,0.525,0.193,4.2,2.2,2.6,0.096,-1.4,0.4,413.0,159.0,254.0
314,Alex Caruso,29.999999999999996,1.0452961672473866,37.63066202090592,2.9,3.5,14.7,0.616,0.177,7.5,2.3,2.6,0.115,2.5,2.3,155.0,102.0,53.0
315,Talen Horton-Tucker,21.000000000000004,1.0606060606060608,38.18181818181819,2.2,1.7,24.0,0.391,0.234,6.6,0.3,0.5,0.039,-1.2,0.2,150.0,199.0,-49.0
316,Tre Jones,28.200000000000003,1.0143884892086332,36.5179856115108,1.7,0.3,15.2,0.318,0.197,7.3,3.4,1.6,0.111,-0.4,0.9,178.0,119.5,58.5
317,Caleb Martin,21.1,0.77007299270073,27.722627737226283,1.3,1.6,17.3,0.415,0.177,9.1,0.2,2.2,0.066,-2.0,0.0,399.0,198.0,201.0
318,Patrick Williams,21.3,0.7802197802197801,28.087912087912084,1.7,2.9,16.6,0.412,0.184,7.9,0.1,1.0,0.048,-2.3,-0.1,392.0,191.0,201.0
319,Vince Williams Jr.,25.5,0.9239130434782608,33.26086956521739,1.6,2.2,15.8,0.551,0.343,11.0,1.1,1.7,0.093,-0.7,0.5,255.0,145.0,110.0
320,Josh Richardson,20.000000000000004,0.7782101167315176,28.015564202334637,1.1,1.2,16.5,0.548,0.156,6.2,0.9,1.2,0.093,-1.3,0.2,393.0,212.0,181.0
321,Jalen Smith,21.2,1.2325581395348837,44.372093023255815,0.8,2.9,19.4,0.365,0.263,18.2,3.1,0.9,0.182,2.4,1.2,52.0,194.5,-142.5
322,Gordon Hayward,20.800000000000004,0.8524590163934428,30.68852459016394,1.6,1.0,18.4,0.223,0.298,8.1,0.6,0.9,0.058,-2.1,0.0,323.0,203.0,120.0
331,Kelly Olynyk,26.3,1.163716814159292,41.89380530973451,2.0,1.5,17.5,0.312,0.362,12.9,3.5,1.4,0.133,1.8,1.7,96.0,136.5,-40.5
340,Tari Eason,26.3,1.2064220183486238,43.43119266055046,3.1,3.6,19.8,0.265,0.175,17.1,0.3,1.0,0.125,1.6,0.4,65.0,136.5,-71.5
341,Nick Richards,24.6,0.935361216730038,33.673003802281364,0.7,3.9,13.3,0.003,0.476,17.2,3.8,1.3,0.14,-2.3,-0.1,244.0,154.0,90.0
342,Lonnie Walker IV,16.599999999999998,0.9540229885057472,34.3448275862069,1.6,1.8,24.4,0.551,0.12,6.9,-0.1,0.9,0.038,-1.4,0.2,225.0,261.0,-36.0
343,Payton Pritchard,21.8,0.9775784753363228,35.19282511210762,1.1,0.3,17.2,0.602,0.088,7.8,4.2,1.9,0.16,1.0,1.4,206.0,187.5,18.5
344,Amen Thompson,25.8,1.1517857142857144,41.46428571428572,2.7,2.5,18.5,0.13,0.348,15.8,1.9,2.4,0.149,1.8,1.3,105.0,143.5,-38.5
345,Josh Hart,27.199999999999992,0.8143712574850297,29.31736526946107,1.4,0.8,13.5,0.38,0.169,14.0,2.0,3.6,0.1,0.0,1.4,354.0,129.0,225.0
346,Georges Niang,16.8,0.7533632286995515,27.121076233183857,0.8,0.9,17.6,0.627,0.095,8.5,0.5,2.0,0.064,-2.9,-0.4,412.0,256.0,156.0
347,Isaac Okoro,20.1,0.7362637362637362,26.505494505494504,1.5,1.6,13.9,0.448,0.285,6.1,2.1,2.0,0.106,-1.1,0.4,421.0,211.0,210.0
348,Tre Mann,23.0,0.954356846473029,34.356846473029044,2.5,0.3,18.2,0.399,0.187,8.5,0.4,0.8,0.058,-1.3,0.2,224.0,170.0,54.0
357,Malaki Branham,14.9,0.6995305164319249,25.183098591549296,0.8,0.4,19.8,0.427,0.1,5.0,-0.9,0.6,-0.008,-5.6,-1.5,448.0,297.0,151.0
358,Andrew Nembhard,21.2,0.8479999999999999,30.527999999999995,1.8,0.3,16.0,0.328,0.107,4.7,1.3,0.7,0.057,-2.2,-0.1,327.0,194.5,132.5
359,Chris Paul,29.5,1.1174242424242424,40.22727272727273,2.2,0.4,15.6,0.45,0.111,7.9,2.6,1.7,0.136,1.0,1.2,126.0,106.5,19.5
360,Brandin Podziemski,24.1,0.9060150375939848,32.616541353383454,1.5,0.6,15.4,0.392,0.132,11.7,2.1,2.0,0.1,-0.1,0.9,270.0,157.5,112.5
361,Duop Reath,18.0,1.005586592178771,36.20111731843576,1.3,2.8,20.7,0.491,0.186,11.5,1.4,1.0,0.095,-0.9,0.3,187.0,237.5,-50.5
362,Sam Hauser,18.7,0.8499999999999998,30.59999999999999,1.1,1.3,15.0,0.833,0.034,8.6,2.7,2.1,0.134,1.2,1.4,325.0,228.5,96.5
363,Taurean Prince,17.999999999999996,0.6666666666666665,23.999999999999996,1.3,1.4,13.8,0.622,0.119,6.1,0.3,1.7,0.043,-2.8,-0.4,473.0,239.0,234.0
364,Jabari Walker,19.3,0.8177966101694915,29.44067796610169,1.2,1.2,16.3,0.273,0.336,16.7,1.4,1.6,0.083,-3.3,-0.6,347.0,220.5,126.5
365,Dereck Lively II,26.3,1.1191489361702127,40.28936170212766,1.3,5.2,12.6,0.007,0.274,16.0,3.1,1.8,0.183,0.5,0.8,124.0,136.5,-12.5
366,Kevin Love,19.6,1.1666666666666667,42.0,1.0,1.1,21.9,0.68,0.301,20.7,1.7,1.6,0.17,3.6,1.3,93.0,216.0,-123.0
367,Terance Mann,18.3,0.732,26.352,1.1,0.7,13.6,0.414,0.193,7.7,3.0,1.2,0.106,-1.5,0.2,423.0,235.0,188.0
368,Ausar Thompson,23.700000000000003,0.9442231075697212,33.99203187250996,2.1,3.2,16.6,0.235,0.248,14.2,0.1,1.7,0.053,-2.2,-0.1,235.0,160.0,75.0
369,Draymond Green,31.0,1.1439114391143912,41.18081180811808,1.8,2.9,15.3,0.347,0.199,14.4,1.4,2.2,0.116,2.4,1.6,111.0,90.0,21.0
370,Al Horford,27.0,1.007462686567164,36.26865671641791,1.1,3.1,12.0,0.616,0.072,12.8,3.5,2.7,0.172,3.6,2.5,182.0,130.0,52.0
371,Derrick Jones Jr.,18.0,0.7659574468085106,27.574468085106385,1.4,2.5,14.9,0.483,0.275,7.7,1.5,1.6,0.083,-1.5,0.2,400.0,237.5,162.5
372,Gradey Dick,14.0,0.6635071090047393,23.886255924170616,1.3,0.1,17.4,0.542,0.115,5.7,-0.1,0.4,0.01,-5.4,-1.1,475.0,309.5,165.5
373,Dorian Finney-Smith,20.600000000000005,0.7253521126760566,26.11267605633804,1.4,1.8,13.2,0.658,0.09,9.0,1.0,1.6,0.065,-2.0,0.0,428.0,206.0,222.0
374,Tristan Vukcevic,17.1,1.1176470588235294,40.23529411764706,1.5,3.7,23.9,0.537,0.328,12.6,0.0,0.1,0.045,-3.6,-0.1,125.0,254.0,-129.0
375,Bilal Coulibaly,19.40000000000001,0.7132352941176473,25.676470588235304,1.6,2.3,14.2,0.428,0.303,8.0,-0.5,0.9,0.013,-4.2,-0.9,436.0,219.0,217.0
376,Andre Drummond,21.9,1.280701754385965,46.10526315789474,2.7,3.6,21.3,0.006,0.454,29.3,2.3,2.6,0.175,0.1,0.7,45.0,186.0,-141.0
377,Miles McBride,16.4,0.8410256410256409,30.276923076923072,1.9,0.5,16.4,0.586,0.11,4.2,2.4,1.3,0.131,-0.1,0.6,334.0,263.0,71.0
378,Marcus Sasser,17.499999999999996,0.9210526315789472,33.1578947368421,1.6,0.8,19.9,0.469,0.129,5.2,0.3,0.6,0.033,-2.6,-0.2,257.0,252.0,5.0
379,Josh Green,18.4,0.6969696969696969,25.09090909090909,1.5,0.5,13.1,0.5,0.152,6.7,1.0,1.2,0.071,-2.7,-0.3,451.0,232.0,219.0
380,Isaiah Joe,16.7,0.9027027027027028,32.497297297297294,1.5,1.4,16.6,0.728,0.107,6.9,1.9,1.6,0.116,0.9,1.0,278.0,259.0,19.0
381,Ziaire Williams,14.9,0.7303921568627452,26.294117647058822,1.7,0.8,19.7,0.5,0.198,9.5,-0.9,1.1,0.01,-4.5,-0.6,424.0,297.0,127.0
382,Kyle Lowry,23.0,0.8156028368794327,29.361702127659576,1.7,1.2,12.9,0.663,0.199,6.4,1.6,1.9,0.1,-1.0,0.4,352.0,170.0,182.0
391,Walker Kessler,28.2,1.2103004291845492,43.57081545064377,1.0,9.2,12.8,0.054,0.266,17.7,2.4,1.7,0.131,0.9,1.1,60.0,121.0,-61.0
392,Moses Moody,15.699999999999994,0.8971428571428568,32.297142857142845,1.8,1.9,18.4,0.476,0.221,9.2,1.2,1.2,0.101,-0.1,0.6,281.0,281.0,0.0
393,Nickeil Alexander-Walker,19.000000000000004,0.8119658119658122,29.23076923076924,1.6,1.9,14.8,0.623,0.121,4.9,1.5,2.8,0.107,0.2,1.1,358.0,224.0,134.0
394,Sam Merrill,15.599999999999998,0.8914285714285713,32.091428571428565,0.9,0.3,17.5,0.901,0.071,6.3,1.9,0.9,0.125,0.5,0.7,286.0,282.0,4.0
395,Derrick Rose,15.5,0.933734939759036,33.614457831325296,1.0,0.5,22.3,0.248,0.164,6.2,0.1,0.3,0.046,-2.8,-0.1,248.0,284.5,-36.5
396,Dario Šarić,17.8,1.0348837209302326,37.25581395348837,1.4,0.8,19.5,0.508,0.24,13.9,1.6,1.2,0.123,1.0,0.9,164.0,244.5,-80.5
397,Trayce Jackson-Davis,21.0,1.2650602409638552,45.54216867469879,1.2,6.1,16.4,0.003,0.398,16.3,3.2,1.6,0.205,2.8,1.4,46.0,201.0,-155.0
398,Dante Exum,17.6,0.888888888888889,32.0,1.0,0.4,15.0,0.358,0.225,7.5,2.1,0.8,0.127,-0.6,0.4,288.0,249.5,38.5
399,Markelle Fultz,18.8,0.8867924528301887,31.924528301886795,2.3,1.5,18.8,0.055,0.101,8.9,0.0,1.3,0.069,-1.4,0.1,290.0,226.5,63.5
400,Isaiah Hartenstein,28.6,1.1304347826086958,40.69565217391305,2.3,4.2,12.0,0.008,0.43,18.5,4.6,3.5,0.204,3.5,2.6,115.0,118.0,-3.0
401,Jordan Hawkins,12.2,0.7052023121387283,25.387283236994215,0.8,0.6,19.9,0.654,0.175,7.1,0.3,1.0,0.053,-3.1,-0.3,443.0,348.0,95.0
402,Royce O'Neale,22.000000000000004,0.8906882591093119,32.06477732793523,1.5,2.0,13.9,0.783,0.065,10.7,1.3,2.1,0.085,0.0,1.0,287.0,181.0,106.0
411,RaiQuan Gray,17.7,1.3615384615384616,49.01538461538462,1.2,2.1,19.5,0.412,0.0,9.7,0.1,0.0,0.187,7.4,0.1,25.0,247.5,-222.5
412,Nikola Jović,17.900000000000002,0.917948717948718,33.04615384615385,1.4,1.5,17.1,0.58,0.167,12.1,0.6,1.3,0.103,0.3,0.5,261.0,240.5,20.5
413,Precious Achiuwa,20.5,0.9360730593607304,33.698630136986296,1.4,3.9,15.9,0.207,0.239,16.7,1.2,2.2,0.102,-1.4,0.2,241.0,207.0,34.0
422,Toumani Camara,17.8,0.717741935483871,25.83870967741936,1.9,1.7,13.8,0.393,0.226,11.0,0.6,1.4,0.055,-3.1,-0.5,433.0,244.5,188.5
423,Cody Martin,21.0,0.7806691449814127,28.10408921933086,2.1,2.2,16.1,0.4,0.153,8.1,-0.7,0.5,-0.012,-3.5,-0.3,391.0,201.0,190.0
424,Brice Sensabaugh,13.099999999999998,0.715846994535519,25.770491803278684,1.1,0.9,20.3,0.528,0.188,9.6,-0.5,0.2,-0.024,-5.5,-0.5,435.0,334.0,101.0
425,Cameron Payne,15.2,0.9101796407185628,32.76646706586827,1.6,0.8,19.1,0.555,0.139,4.9,1.4,1.0,0.089,-1.1,0.3,265.0,289.0,-24.0
434,Christian Braun,16.200000000000003,0.8019801980198021,28.87128712871288,1.3,1.8,15.7,0.34,0.277,10.2,1.5,2.0,0.1,-1.9,0.0,374.0,268.0,106.0
435,Jaden Hardy,11.800000000000004,0.8740740740740743,31.46666666666668,1.1,0.4,24.9,0.468,0.159,7.2,-0.4,0.7,0.014,-4.1,-0.5,297.0,352.0,-55.0
436,Taylor Hendricks,18.7,0.8738317757009346,31.457943925233646,1.6,3.1,13.7,0.583,0.121,11.9,0.7,0.6,0.07,-1.6,0.1,298.0,228.5,69.5
437,Paul Reed,22.000000000000004,1.1340206185567012,40.82474226804124,2.1,4.8,15.9,0.119,0.177,16.9,2.5,2.6,0.154,0.4,0.9,113.0,181.0,-68.0
438,Lamar Stevens,14.9,1.0136054421768708,36.48979591836735,2.0,3.6,22.2,0.192,0.225,12.4,0.0,0.8,0.068,-2.2,0.0,179.0,297.0,-118.0
447,Johnny Juzang,12.3,0.6612903225806451,23.806451612903224,0.5,0.5,14.5,0.7,0.127,5.3,0.4,0.0,0.047,-3.7,-0.2,478.0,347.0,131.0
448,Kevin Knox,12.500000000000002,0.6906077348066298,24.861878453038678,1.1,1.1,16.6,0.505,0.118,7.5,0.1,0.2,0.033,-4.6,-0.4,456.0,342.5,113.5
449,Trey Lyles,15.500000000000004,0.7750000000000001,27.90000000000001,0.7,1.5,14.4,0.682,0.218,12.4,1.3,1.0,0.098,-1.1,0.3,396.0,283.0,113.0
450,Jose Alvarado,17.7,0.9619565217391304,34.630434782608695,2.8,1.4,17.3,0.6,0.151,6.9,0.6,1.5,0.097,-0.1,0.5,220.0,247.5,-27.5
451,Naji Marshall,16.300000000000004,0.8578947368421055,30.8842105263158,1.9,0.9,16.3,0.409,0.234,10.6,1.0,1.6,0.1,-0.7,0.4,316.0,264.0,52.0
452,Landry Shamet,12.399999999999997,0.7848101265822782,28.253164556962016,1.6,1.1,18.8,0.573,0.168,4.6,0.1,0.2,0.022,-4.0,-0.4,386.0,345.0,41.0
453,James Wiseman,16.099999999999998,0.9306358381502888,33.5028901734104,0.5,3.1,16.3,0.007,0.334,17.2,1.3,0.8,0.094,-3.5,-0.4,252.0,269.0,-17.0
454,Vasilije Micić,15.9,0.8112244897959183,29.20408163265306,1.3,0.6,18.8,0.416,0.203,4.2,-0.1,0.4,0.015,-4.6,-0.8,359.0,273.5,85.5
463,Jordan Nwora,13.7,1.0000000000000002,36.00000000000001,1.8,1.6,22.4,0.438,0.177,11.6,-0.1,0.6,0.034,-2.5,-0.1,188.0,321.5,-133.5
472,Quentin Grimes,13.599999999999998,0.6766169154228854,24.358208955223876,1.7,0.6,15.8,0.732,0.137,5.5,0.3,1.0,0.06,-2.2,-0.1,468.0,327.0,141.0
481,Javon Freeman-Liberty,14.2,0.7759562841530054,27.9344262295082,1.2,0.9,17.5,0.339,0.29,9.6,0.1,0.2,0.029,-5.2,-0.3,395.0,306.0,89.0
482,Evan Fournier,13.6,0.7513812154696132,27.04972375690608,2.4,1.0,19.0,0.588,0.163,5.6,-0.5,0.4,-0.005,-4.3,-0.3,414.0,325.5,88.5
491,Gary Harris,15.9,0.6625,23.85,1.9,1.0,11.7,0.69,0.152,4.1,1.1,1.5,0.099,-1.2,0.3,476.0,273.5,202.5
492,Killian Hayes,21.7,0.9041666666666668,32.55,1.7,1.7,15.1,0.261,0.177,6.6,0.0,0.7,0.032,-2.7,-0.2,273.0,189.0,84.0
493,Bones Hyland,13.699999999999998,0.9383561643835616,33.78082191780821,2.4,0.7,24.8,0.538,0.092,5.7,-0.5,0.5,0.003,-3.6,-0.2,239.0,323.0,-84.0
494,Mãozinha Pereira,17.9,1.028735632183908,37.03448275862069,2.4,3.1,15.6,0.371,0.286,16.6,0.1,0.2,0.123,-0.5,0.0,170.0,242.5,-72.5
495,Trendon Watford,13.799999999999995,1.014705882352941,36.52941176470587,1.3,2.0,21.1,0.219,0.312,12.4,0.9,0.9,0.1,-0.5,0.3,176.0,320.0,-144.0
496,Aaron Wiggins,14.899999999999997,0.9490445859872608,34.165605095541395,2.2,1.4,16.4,0.334,0.188,8.4,2.1,1.6,0.144,0.7,0.8,232.0,299.0,-67.0
497,Christian Wood,15.8,0.9080459770114944,32.689655172413794,0.9,3.3,17.6,0.432,0.356,16.2,0.0,1.1,0.064,-2.8,-0.2,268.0,275.5,-7.5
498,Trey Jemison,18.4,0.8034934497816594,28.925764192139734,1.0,4.6,13.5,0.0,0.184,12.8,0.3,0.6,0.073,-5.1,-0.5,372.0,232.0,140.0
507,Julian Champagnie,15.799999999999995,0.7979797979797978,28.72727272727272,1.6,2.4,14.4,0.689,0.229,7.6,0.6,1.3,0.059,-1.9,0.0,376.0,277.0,99.0
508,Jonathan Isaac,19.3,1.221518987341772,43.974683544303794,2.3,7.1,16.7,0.392,0.287,16.7,1.5,2.1,0.188,3.8,1.4,53.0,220.5,-167.5
509,Cedi Osman,15.0,0.8522727272727272,30.68181818181818,1.3,0.7,15.1,0.576,0.135,7.7,1.0,0.9,0.071,-2.1,0.0,324.0,293.0,31.0
510,Day'Ron Sharpe,18.3,1.2119205298013245,43.62913907284768,1.3,4.3,19.7,0.051,0.418,23.1,1.6,1.3,0.152,0.0,0.5,59.0,235.0,-176.0
511,Cason Wallace,17.6,0.854368932038835,30.75728155339806,2.2,2.0,12.9,0.529,0.084,6.2,1.9,2.1,0.115,0.1,0.9,319.0,249.5,69.5
512,Robert Williams,22.899999999999995,1.1565656565656564,41.636363636363626,2.9,5.3,13.2,0.0,0.346,17.9,0.2,0.2,0.144,0.7,0.1,101.0,173.0,-72.0
513,Dāvis Bertāns,13.000000000000002,0.8280254777070065,29.808917197452235,1.9,1.7,17.4,0.855,0.141,5.1,0.5,0.4,0.061,-1.4,0.1,341.0,335.0,6.0
522,Jahmi'us Ramsey,14.0,0.8092485549132947,29.13294797687861,2.8,0.0,17.9,0.537,0.146,10.0,-0.1,0.1,0.021,-4.4,-0.1,363.0,309.5,53.5
523,Peyton Watson,16.9,0.9086021505376344,32.70967741935483,1.4,5.0,16.2,0.34,0.237,9.6,0.3,2.2,0.079,-2.2,-0.1,267.0,255.0,12.0
524,Amir Coffey,13.8,0.660287081339713,23.77033492822967,1.4,0.9,12.5,0.523,0.202,5.7,1.6,1.0,0.084,-2.2,-0.1,479.0,317.0,162.0
525,Aaron Holiday,13.299999999999995,0.8159509202453985,29.374233128834348,1.6,0.4,16.7,0.52,0.151,5.2,1.3,1.2,0.094,-1.5,0.2,351.0,330.0,21.0
526,Dennis Smith Jr.,19.5,1.0317460317460316,37.14285714285714,3.2,1.0,17.7,0.322,0.172,8.5,0.5,1.3,0.08,-0.8,0.3,167.0,217.5,-50.5
527,Chimezie Metu,14.800000000000004,0.8809523809523812,31.71428571428572,2.4,1.6,16.2,0.385,0.262,12.7,0.5,1.1,0.085,-1.3,0.2,293.0,300.0,-7.0
536,Jordan Goodwin,17.5,0.945945945945946,34.054054054054056,2.2,1.6,19.0,0.369,0.154,13.3,-0.2,1.4,0.054,-1.0,0.3,234.0,251.0,-17.0
545,David Roddy,11.8,0.6519337016574586,23.46961325966851,1.1,0.9,18.1,0.401,0.166,9.8,-0.9,1.0,0.004,-5.0,-0.9,489.0,353.0,136.0
554,David Duke Jr.,13.3,1.0390625,37.40625,1.9,0.0,18.5,0.333,0.167,10.6,0.1,0.0,0.119,1.4,0.0,163.0,328.5,-165.5
555,Jeff Green,11.699999999999998,0.6964285714285713,25.07142857142857,0.6,2.2,15.5,0.437,0.407,7.3,1.4,1.2,0.095,-2.1,0.0,453.0,355.0,98.0
556,Isaiah Jackson,17.9,1.366412213740458,49.19083969465649,2.1,6.3,17.2,0.017,0.438,17.5,2.2,1.1,0.204,1.7,0.7,24.0,242.5,-218.5
557,Marcus Morris,11.899999999999997,0.7125748502994009,25.652694610778436,0.9,1.4,16.6,0.451,0.167,9.1,0.2,0.8,0.06,-3.8,-0.4,437.0,351.0,86.0
566,Kyle Anderson,21.0,0.9292035398230089,33.451327433628315,2.0,2.3,14.5,0.111,0.316,8.7,1.4,3.1,0.121,1.1,1.4,253.0,201.0,52.0
567,Chris Boucher,13.8,0.9787234042553192,35.23404255319149,1.0,3.0,17.3,0.433,0.424,16.1,1.2,0.6,0.119,-1.7,0.1,203.0,317.0,-114.0
568,Jared Butler,15.7,1.1056338028169015,39.802816901408455,2.4,1.2,19.9,0.388,0.179,5.5,0.3,0.3,0.054,-2.1,0.0,131.0,278.5,-147.5
569,Bruno Fernando,15.3,1.0065789473684212,36.236842105263165,1.8,3.7,16.7,0.021,0.513,15.4,0.8,0.7,0.103,-2.3,-0.1,184.0,287.0,-103.0
570,Daniel Theis,16.7,0.9881656804733728,35.57396449704142,1.0,4.5,15.4,0.242,0.171,13.6,1.4,1.2,0.119,-1.6,0.1,195.0,259.0,-64.0
579,Jaylen Nowell,11.500000000000002,0.6969696969696971,25.090909090909097,0.9,0.8,17.8,0.372,0.115,6.2,0.0,0.1,0.016,-5.4,-0.2,450.0,357.5,92.5
588,Patrick Beverley,17.3,0.865,31.14,1.4,1.9,14.3,0.478,0.237,9.0,1.2,1.5,0.09,-1.1,0.3,309.0,253.0,56.0
597,Jae Crowder,15.2,0.6580086580086579,23.68831168831169,1.6,0.7,11.5,0.615,0.133,7.6,0.6,1.0,0.065,-2.6,-0.2,484.0,289.0,195.0
598,Keon Johnson,9.6,0.7868852459016393,28.327868852459016,2.4,1.5,22.2,0.476,0.571,6.3,0.0,0.1,0.068,-2.7,0.0,382.0,390.0,-8.0
599,Haywood Highsmith,16.3,0.7874396135265701,28.347826086956523,1.9,2.1,12.4,0.584,0.109,8.7,1.1,1.9,0.108,-0.7,0.5,381.0,266.0,115.0
600,Vit Krejci,15.999999999999996,0.6504065040650404,23.414634146341456,1.2,1.0,9.8,0.654,0.058,5.2,0.5,0.1,0.056,-3.7,-0.2,490.0,272.0,218.0
601,Kris Murray,14.500000000000002,0.6682027649769586,24.055299539170512,1.9,1.4,14.1,0.5,0.153,9.3,-0.4,1.0,0.024,-3.6,-0.6,472.0,305.0,167.0
602,Ben Simmons,27.7,1.1589958158995817,41.72384937238494,1.7,2.3,13.0,0.0,0.203,18.1,0.5,0.5,0.133,2.4,0.4,100.0,123.0,-23.0
603,Zavier Simpson,16.500000000000004,0.7173913043478263,25.826086956521745,2.1,1.7,17.5,0.315,0.074,6.8,-0.3,0.2,-0.046,-5.9,-0.2,434.0,262.0,172.0
604,Tosan Evbuomwan,13.2,0.611111111111111,22.0,0.8,1.2,10.6,0.451,0.352,9.1,0.4,0.2,0.071,-3.0,-0.1,511.0,331.0,180.0
613,Justin Champagnie,15.5,0.9872611464968152,35.54140127388535,2.0,3.1,17.0,0.577,0.192,12.1,0.1,0.2,0.058,-1.8,0.0,196.0,284.5,-88.5
614,Nick Smith Jr.,9.2,0.6433566433566432,23.16083916083916,0.7,0.9,20.3,0.505,0.052,5.5,-0.6,0.1,-0.036,-5.9,-0.7,494.0,400.0,94.0
615,Ochai Agbaji,13.600000000000003,0.6476190476190478,23.31428571428572,1.4,2.4,13.4,0.487,0.129,7.2,-0.5,0.6,0.002,-4.4,-1.0,491.0,324.0,167.0
624,Noah Clowney,14.000000000000002,0.8695652173913044,31.30434782608696,1.1,3.9,14.2,0.355,0.323,12.0,0.5,0.4,0.111,-0.7,0.1,302.0,307.0,-5.0
625,Dyson Daniels,20.199999999999992,0.9058295964125556,32.60986547085201,3.1,1.8,12.6,0.434,0.17,9.7,0.7,2.2,0.103,0.6,0.9,271.0,210.0,61.0
626,Danilo Gallinari,10.499999999999998,0.8139534883720929,29.302325581395344,1.1,0.8,17.2,0.489,0.516,9.3,1.0,0.3,0.098,-1.9,0.0,355.0,374.0,-19.0
642,Thomas Bryant,12.9,1.112068965517241,40.03448275862069,1.1,3.5,19.3,0.148,0.315,18.1,0.9,0.8,0.177,-0.4,0.2,130.0,340.0,-210.0
643,Torrey Craig,15.0,0.7575757575757576,27.272727272727277,1.4,2.1,12.5,0.61,0.143,11.6,1.0,0.9,0.087,-2.0,0.0,408.0,293.0,115.0
644,Larry Nance Jr.,18.9,0.9497487437185932,34.19095477386936,2.5,1.5,11.3,0.27,0.253,14.1,2.1,1.9,0.16,2.0,1.2,229.0,225.0,4.0
645,Pat Connaughton,15.2,0.6877828054298643,24.760180995475118,1.1,1.0,10.9,0.686,0.167,7.8,1.6,1.2,0.08,-1.6,0.2,460.0,289.0,171.0
646,Craig Porter Jr.,13.3,1.0472440944881891,37.70078740157481,1.6,2.1,20.2,0.149,0.246,9.4,0.6,0.9,0.108,0.5,0.4,154.0,328.5,-174.5
647,Mitchell Robinson,22.399999999999995,0.9032258064516128,32.51612903225806,2.4,4.3,10.2,0.0,0.52,19.2,1.2,1.3,0.155,0.0,0.4,277.0,176.0,101.0
648,Malachi Flynn,11.9,0.937007874015748,33.73228346456693,2.1,0.8,20.4,0.52,0.218,7.2,-0.1,0.6,0.029,-2.2,0.0,240.0,350.0,-110.0
664,Doug McDermott,9.8,0.6950354609929077,25.02127659574468,0.8,0.2,14.9,0.806,0.067,3.6,0.6,0.3,0.046,-3.4,-0.3,454.0,385.0,69.0
673,Dexter Dennis,9.4,1.2533333333333334,45.120000000000005,0.0,2.9,33.3,0.421,0.158,16.4,0.0,0.0,0.004,1.7,0.0,48.0,396.5,-348.5
674,Gary Payton II,15.0,0.967741935483871,34.83870967741936,2.8,2.4,13.6,0.301,0.126,9.0,0.9,0.9,0.125,0.9,0.5,217.0,293.0,-76.0
675,Neemias Queta,16.3,1.369747899159664,49.3109243697479,1.9,5.5,16.9,0.0,0.269,19.8,1.1,0.7,0.259,1.5,0.3,23.0,266.0,-243.0
676,Ricky Council IV,8.4,0.9333333333333332,33.6,1.4,0.3,22.1,0.286,0.634,8.8,0.8,0.3,0.173,1.3,0.2,249.0,417.0,-168.0
677,Kris Dunn,19.2,1.0158730158730158,36.57142857142857,2.6,2.0,13.6,0.355,0.102,8.3,1.1,0.9,0.076,-0.1,0.6,175.0,222.0,-47.0
678,Keon Ellis,15.8,0.9186046511627908,33.06976744186046,2.5,2.7,12.4,0.724,0.151,7.1,1.1,1.2,0.114,1.2,0.8,260.0,275.5,-15.5
679,Cam Reddish,13.0,0.6341463414634146,22.82926829268293,2.3,1.2,12.7,0.47,0.231,5.6,-0.3,0.9,0.03,-3.2,-0.3,498.0,337.0,161.0
680,Matt Ryan,8.5,0.6115107913669064,22.01438848920863,0.8,0.3,15.4,0.805,0.124,5.7,0.2,0.3,0.065,-2.7,-0.1,510.0,413.5,96.5
681,Matisse Thybulle,19.1,0.8340611353711792,30.02620087336245,3.8,3.0,10.6,0.729,0.091,5.1,0.4,1.8,0.072,0.6,0.9,338.0,223.0,115.0
682,Sasha Vezenkov,11.400000000000002,0.934426229508197,33.63934426229509,1.9,1.3,17.5,0.628,0.079,10.5,0.5,0.5,0.098,-0.9,0.1,247.0,359.0,-112.0
683,Dean Wade,15.7,0.7658536585365854,27.570731707317076,1.8,2.0,10.5,0.871,0.112,11.1,0.9,1.6,0.11,0.1,0.6,401.0,278.5,122.5
684,Darius Bazley,14.900000000000006,0.8816568047337282,31.73964497041421,1.9,4.1,11.9,0.267,0.4,10.1,0.2,0.1,0.084,-0.4,0.1,292.0,295.0,-3.0
693,Xavier Tillman Sr.,16.700000000000003,0.927777777777778,33.400000000000006,2.6,4.2,14.8,0.29,0.179,11.8,-0.1,1.6,0.071,-1.2,0.2,254.0,257.0,-3.0
702,Nicolas Batum,18.4,0.7215686274509804,25.97647058823529,1.5,2.3,8.6,0.723,0.082,9.0,1.7,1.6,0.103,-0.4,0.6,431.0,232.0,199.0
711,Luke Kornet,17.900000000000002,1.1474358974358976,41.30769230769232,1.2,5.5,11.0,0.005,0.266,14.3,3.5,1.6,0.248,3.4,1.3,109.0,240.5,-131.5
712,Davion Mitchell,10.1,0.6601307189542484,23.764705882352946,0.7,0.2,14.9,0.489,0.13,4.8,0.8,0.6,0.059,-3.4,-0.4,480.0,378.5,101.5
713,Mason Plumlee,13.8,0.9387755102040816,33.795918367346935,1.0,2.3,15.1,0.039,0.647,19.6,1.2,0.9,0.146,-0.8,0.2,238.0,317.0,-79.0
714,Stanley Umude,10.0,0.78125,28.125,1.3,2.0,15.6,0.631,0.381,9.3,0.3,0.2,0.085,-1.6,0.0,389.5,381.5,8.0
715,Aleksej Pokusevski,13.100000000000003,0.9034482758620692,32.52413793103449,1.8,3.0,17.2,0.455,0.339,12.3,0.0,0.4,0.05,-1.9,0.0,276.0,333.0,-57.0
724,Bol Bol,12.9,1.18348623853211,42.60550458715596,1.0,4.7,16.5,0.344,0.126,16.5,1.0,0.7,0.168,2.1,0.5,83.0,340.0,-257.0
725,Brandon Boston Jr.,7.5,0.6944444444444444,25.0,1.6,2.1,25.4,0.323,0.205,8.5,-0.6,0.3,-0.04,-9.0,-0.6,455.0,446.0,9.0
726,Jarred Vanderbilt,16.000000000000004,0.8000000000000002,28.800000000000004,2.9,0.7,11.7,0.237,0.316,13.2,0.3,0.8,0.089,-1.6,0.0,375.0,270.5,104.5
727,Seth Curry,9.8,0.7,25.2,1.7,0.9,16.8,0.529,0.152,6.1,0.1,0.4,0.04,-3.3,-0.2,447.0,385.0,62.0
736,Drew Eubanks,14.6,0.935897435897436,33.69230769230769,1.1,4.6,13.2,0.012,0.368,15.6,1.6,1.6,0.129,-1.2,0.2,242.5,303.0,-60.5
737,Bryce McGowens,9.8,0.6577181208053691,23.677852348993287,1.2,1.1,14.9,0.443,0.37,6.5,0.4,0.3,0.034,-4.9,-0.6,485.0,385.0,100.0
738,Richaun Holmes,13.0,0.935251798561151,33.66906474820144,0.9,2.9,14.7,0.02,0.32,17.7,0.8,0.5,0.114,-3.3,-0.2,245.0,337.0,-92.0
747,Monte Morris,13.900000000000002,0.965277777777778,34.75000000000001,2.0,1.7,15.5,0.458,0.124,6.8,0.5,0.7,0.123,0.7,0.3,218.0,313.0,-95.0
756,Goga Bitadze,17.700000000000003,1.1493506493506496,41.376623376623385,1.7,7.0,13.3,0.067,0.416,17.5,1.8,1.9,0.186,2.1,1.0,108.0,246.0,-138.0
757,Jevon Carter,10.0,0.7194244604316546,25.899280575539567,1.8,1.6,17.7,0.641,0.019,3.3,-0.5,0.7,0.009,-4.0,-0.5,432.0,381.5,50.5
758,Devonte' Graham,11.1,0.8161764705882353,29.38235294117647,1.4,0.5,17.8,0.769,0.148,6.2,-0.1,0.2,0.018,-3.9,-0.1,350.0,364.0,-14.0
759,Isaiah Livers,10.2,0.5000000000000001,18.000000000000004,1.3,0.9,12.7,0.664,0.155,5.7,-0.3,0.2,-0.015,-6.5,-0.5,533.5,377.0,156.5
760,Kobi Simmons,20.0,1.1904761904761905,42.85714285714285,4.3,2.6,14.0,0.381,0.0,5.7,0.1,0.1,0.098,-1.0,0.0,79.0,213.0,-134.0
761,D.J. Wilson,14.0,1.8666666666666667,67.2,0.0,12.2,17.3,0.333,0.0,7.4,0.1,0.0,0.355,22.4,0.1,3.0,309.5,-306.5
762,Jalen Wilson,10.6,0.6883116883116883,24.77922077922078,0.8,0.5,14.3,0.413,0.257,10.8,0.6,0.4,0.077,-2.9,-0.2,458.0,372.5,85.5
763,Jock Landale,13.199999999999998,0.9705882352941176,34.94117647058823,1.3,4.0,14.8,0.194,0.316,12.1,1.4,0.9,0.146,-0.1,0.4,211.0,332.0,-121.0
764,Garrison Mathews,9.500000000000002,0.6333333333333334,22.800000000000004,1.0,0.7,11.1,0.854,0.186,5.1,1.4,0.2,0.077,-3.0,-0.2,499.5,392.5,107.0
765,Jared Rhoden,12.0,0.8333333333333333,30.0,0.6,4.5,13.3,0.47,0.121,7.5,0.1,0.2,0.06,-2.5,0.0,339.0,349.0,-10.0
766,Kobe Bufkin,10.3,0.8956521739130434,32.243478260869566,1.7,2.3,22.4,0.435,0.087,9.2,-0.3,0.1,-0.031,-4.5,-0.1,283.0,375.0,-92.0
767,DeJon Jarreau,15.099999999999998,0.904191616766467,32.55089820359281,2.0,1.2,18.3,0.26,0.22,16.0,-0.2,0.2,0.002,-4.0,-0.1,272.0,291.0,-19.0
768,Eugene Omoruyi,10.000000000000002,1.0989010989010992,39.56043956043957,3.2,1.0,22.5,0.275,0.293,11.6,0.2,0.4,0.074,-2.3,0.0,135.0,380.0,-245.0
769,Kenrich Williams,12.500000000000002,0.8389261744966444,30.2013422818792,1.8,0.8,13.4,0.504,0.05,11.3,1.1,1.3,0.115,-0.8,0.3,336.0,342.5,-6.5
770,Kenneth Lofton Jr.,9.8,1.031578947368421,37.13684210526316,1.5,2.3,22.1,0.308,0.333,10.5,0.1,0.2,0.068,-0.3,0.1,168.0,385.0,-217.0
786,Anthony Black,10.6,0.6272189349112426,22.579881656804734,1.5,1.7,12.7,0.381,0.324,7.0,0.1,1.5,0.067,-3.0,-0.3,506.0,372.5,133.5
787,Josh Okogie,12.5,0.78125,28.125,2.4,2.2,13.0,0.456,0.495,9.1,1.0,1.1,0.104,-0.5,0.4,389.5,344.0,45.5
788,Omer Yurtseven,11.200000000000005,0.9824561403508774,35.36842105263158,0.7,2.9,17.9,0.13,0.152,21.0,0.3,0.4,0.062,-3.0,-0.1,200.0,361.5,-161.5
789,Shake Milton,8.800000000000002,0.7272727272727275,26.18181818181819,1.6,0.9,18.7,0.328,0.251,7.3,-0.2,0.8,0.048,-3.7,-0.3,426.0,407.5,18.5
805,Delon Wright,15.4,0.9746835443037972,35.088607594936704,3.5,1.3,12.8,0.362,0.239,6.3,0.8,0.9,0.109,0.4,0.5,208.0,286.0,-78.0
814,A.J. Green,8.1,0.7363636363636363,26.509090909090908,0.7,0.6,15.2,0.862,0.097,5.7,0.7,0.3,0.084,-2.1,0.0,420.0,426.5,-6.5
815,Kevon Looney,16.000000000000004,0.9937888198757764,35.776397515527954,1.1,2.2,11.3,0.004,0.356,18.9,2.5,1.6,0.162,0.6,0.8,191.0,270.5,-79.5
816,Taze Moore,8.800000000000002,0.8800000000000002,31.680000000000007,2.5,0.0,24.3,0.368,0.105,11.2,0.0,0.0,-0.017,-3.1,0.0,294.0,407.5,-113.5
817,Julian Strawther,7.5,0.6880733944954128,24.77064220183486,1.5,1.1,20.7,0.622,0.14,6.2,-0.4,0.6,0.015,-6.0,-0.6,459.0,446.0,13.0
818,Bismack Biyombo,14.6,0.7373737373737373,26.545454545454543,0.7,4.4,10.7,0.0,0.412,14.5,0.1,1.0,0.066,-3.4,-0.3,418.0,303.0,115.0
827,Robert Covington,16.3,0.9702380952380952,34.92857142857143,3.9,3.4,10.7,0.571,0.265,11.0,0.6,0.9,0.145,2.2,0.5,212.0,266.0,-54.0
836,Patrick Baldwin Jr.,11.500000000000002,0.8846153846153848,31.84615384615385,1.7,2.5,15.9,0.626,0.181,13.3,-0.3,0.5,0.019,-4.6,-0.3,291.0,357.5,-66.5
837,Mo Bamba,14.600000000000003,1.1230769230769235,40.43076923076924,1.5,7.4,15.1,0.323,0.253,17.8,0.6,1.3,0.128,-1.0,0.2,121.0,301.0,-180.0
838,Dominick Barlow,12.300000000000002,0.9685039370078744,34.866141732283474,1.4,2.8,14.1,0.08,0.372,14.5,0.7,0.4,0.126,-1.7,0.0,216.0,346.0,-130.0
839,MarJon Beauchamp,8.399999999999999,0.6614173228346456,23.81102362204724,1.0,1.0,14.6,0.452,0.169,8.9,0.2,0.5,0.056,-3.2,-0.2,477.0,419.5,57.5
840,Joe Ingles,13.900000000000004,0.8081395348837211,29.09302325581396,1.8,0.4,11.6,0.709,0.15,7.1,1.1,1.5,0.108,-0.5,0.5,365.0,312.0,53.0
841,Maxi Kleber,13.9,0.6847290640394088,24.65024630541872,0.9,3.0,9.6,0.63,0.322,9.0,0.6,0.8,0.08,-1.3,0.2,463.0,314.0,149.0
842,Jontay Porter,16.7,1.2101449275362317,43.56521739130434,2.7,4.9,15.8,0.577,0.173,12.5,0.2,0.4,0.089,1.7,0.3,61.0,259.0,-198.0
843,Lester Quinones,8.3,0.7830188679245284,28.18867924528302,0.7,0.5,18.3,0.624,0.206,9.9,0.3,0.3,0.068,-3.3,-0.1,388.0,421.5,-33.5
844,Ben Sheppard,9.6,0.6713286713286712,24.167832167832167,1.9,0.2,13.2,0.681,0.114,6.2,0.3,0.4,0.046,-3.4,-0.3,471.0,390.0,81.0
845,Blake Wesley,11.6,0.8055555555555556,29.0,1.6,0.9,14.7,0.256,0.363,5.8,0.3,0.6,0.05,-4.0,-0.4,370.0,356.0,14.0
846,Jeff Dowtin,13.8,1.1694915254237286,42.10169491525423,2.4,0.6,13.0,0.528,0.111,7.8,0.4,0.2,0.193,3.3,0.2,90.0,317.0,-227.0
847,Jaxson Hayes,11.3,0.904,32.544000000000004,1.8,2.9,12.5,0.046,0.469,13.4,1.4,1.1,0.135,-1.9,0.0,274.0,360.0,-86.0
848,Caleb Houstan,8.2,0.5942028985507245,21.39130434782608,0.9,0.5,12.5,0.937,0.126,6.1,0.7,0.8,0.089,-1.9,0.0,513.0,425.0,88.0
849,John Konchar,18.6,0.8732394366197184,31.43661971830986,2.1,4.1,9.7,0.577,0.12,12.0,0.5,1.7,0.091,-0.4,0.5,299.0,230.0,69.0
850,Dru Smith,13.6,0.9315068493150688,33.53424657534247,3.4,2.2,13.2,0.515,0.061,6.1,0.1,0.2,0.125,1.4,0.1,251.0,325.5,-74.5
851,Thaddeus Young,13.7,1.0300751879699248,37.08270676691729,2.5,1.0,12.6,0.065,0.139,13.0,0.9,0.4,0.138,0.3,0.2,169.0,321.5,-152.5
860,Jacob Gilyard,14.6,0.8588235294117648,30.917647058823533,2.3,0.7,11.1,0.84,0.013,3.6,0.8,0.6,0.095,-1.4,0.1,314.0,303.0,11.0
869,Armoni Brooks,6.6,0.6346153846153846,22.846153846153847,0.5,0.9,20.8,0.696,0.043,9.5,-0.1,0.1,-0.018,-5.8,-0.1,497.0,462.0,35.0
870,Troy Brown Jr.,9.3,0.6642857142857144,23.91428571428572,1.4,0.3,14.3,0.624,0.164,9.8,0.0,0.9,0.048,-2.6,-0.1,474.0,398.5,75.5
879,Max Christie,9.3,0.6595744680851064,23.744680851063837,1.0,1.6,13.6,0.49,0.191,8.4,-0.1,0.8,0.036,-3.6,-0.4,481.0,398.5,82.5
880,Ashton Hagans,12.9,0.7771084337349397,27.975903614457827,1.7,2.6,14.6,0.352,0.239,8.0,-0.2,0.3,0.006,-3.5,-0.1,394.0,340.0,54.0
881,Danuel House Jr.,7.999999999999998,0.5333333333333332,19.2,1.5,0.9,12.2,0.476,0.438,6.3,0.3,0.4,0.066,-4.0,-0.3,530.0,432.0,98.0
882,Skylar Mays,10.9,0.9561403508771928,34.421052631578945,2.4,0.8,18.4,0.34,0.107,5.6,0.1,0.3,0.044,-2.0,0.0,223.0,368.5,-145.5
891,Sandro Mamukelashvili,10.7,1.091836734693877,39.30612244897959,0.7,2.2,17.7,0.413,0.219,17.6,0.6,0.4,0.11,-0.5,0.2,138.0,370.5,-232.5
892,Luka Šamanić,6.199999999999999,0.6595744680851063,23.744680851063823,0.6,1.5,21.8,0.405,0.354,13.9,-0.4,0.2,-0.029,-7.8,-0.6,482.0,474.0,8.0
893,Jae'Sean Tate,11.2,0.7044025157232704,25.358490566037734,2.0,1.3,11.7,0.336,0.17,10.2,0.4,1.3,0.082,-2.3,-0.1,444.0,363.0,81.0
894,Patty Mills,8.200000000000001,0.6307692307692309,22.707692307692312,2.4,0.2,15.9,0.664,0.084,4.7,-0.3,0.4,0.009,-4.6,-0.3,503.0,424.0,79.0
903,Izaiah Brockington,5.0,1.6666666666666667,60.0,0.0,0.0,72.5,0.2,0.0,37.1,0.0,0.0,-0.177,-17.8,0.0,9.0,496.5,-487.5
904,Ousmane Dieng,8.099999999999998,0.7297297297297296,26.270270270270267,1.1,1.3,16.9,0.603,0.138,7.8,0.0,0.4,0.055,-3.0,-0.1,425.0,428.0,-3.0
905,Luka Garza,5.9,1.2040816326530612,43.3469387755102,1.6,0.7,33.3,0.427,0.333,14.4,0.2,0.2,0.166,-2.1,0.0,67.0,486.5,-419.5
906,Mouhamed Gueye,13.8,1.1311475409836065,40.72131147540984,3.3,4.9,15.2,0.391,0.261,16.4,0.1,0.1,0.127,-1.5,0.0,114.0,317.0,-203.0
907,Justin Holiday,10.999999999999998,0.7382550335570468,26.577181208053684,2.1,0.9,10.6,0.701,0.021,4.6,0.9,0.9,0.101,-1.6,0.1,416.0,366.5,49.5
908,Matthew Hurt,8.9,0.6312056737588653,22.72340425531915,1.3,2.5,14.2,0.588,0.088,7.7,0.0,0.1,0.031,-3.7,-0.1,502.0,405.5,96.5
909,JaVale McGee,9.0,1.2162162162162162,43.78378378378378,2.0,5.4,23.4,0.053,0.341,20.8,0.1,0.6,0.101,-1.3,0.1,57.0,403.5,-346.5
910,Svi Mykhailiuk,8.0,0.7920792079207921,28.514851485148515,1.3,0.2,16.1,0.788,0.066,6.7,0.5,0.4,0.106,-1.8,0.0,379.0,430.0,-51.0
911,Rayan Rupert,8.9,0.5493827160493827,19.77777777777778,0.9,0.4,13.6,0.484,0.155,8.1,-0.4,0.3,-0.009,-6.7,-0.8,528.0,405.5,122.5
912,Adama Sanogo,6.999999999999998,0.9589041095890408,34.52054794520547,0.8,0.0,24.8,0.0,0.444,30.5,0.1,0.1,0.133,-6.7,-0.1,221.0,455.0,-234.0
913,Jaylin Williams,13.0,1.0,36.0,1.5,2.8,13.5,0.632,0.18,14.5,1.0,1.5,0.13,1.1,0.7,189.0,337.0,-148.0
914,Jules Bernard,7.3,0.935897435897436,33.69230769230769,0.9,0.5,21.5,0.453,0.141,9.3,0.0,0.0,0.026,-3.0,0.0,242.5,450.0,-207.5
915,Chris Duarte,8.400000000000002,0.6885245901639346,24.786885245901647,1.9,1.0,14.9,0.605,0.157,8.3,0.0,0.7,0.047,-3.4,-0.2,457.0,415.0,42.0
916,DeAndre Jordan,10.7,0.9727272727272728,35.01818181818182,0.8,3.4,15.4,0.0,0.57,22.0,0.6,0.6,0.147,-1.7,0.0,209.0,370.5,-161.5
917,Sidy Cissoko,9.8,0.8305084745762712,29.898305084745765,2.4,1.8,12.7,0.364,0.455,8.4,0.2,0.1,0.11,-2.7,0.0,340.0,385.0,-45.0
918,Anthony Gill,8.0,0.8602150537634408,30.96774193548387,1.3,1.9,18.0,0.256,0.225,10.8,0.1,0.2,0.038,-4.1,-0.3,313.0,430.0,-117.0
919,KJ Martin,9.1,0.7338709677419354,26.419354838709676,1.5,1.5,13.4,0.155,0.227,9.7,0.3,0.8,0.071,-4.1,-0.4,422.0,401.5,20.5
928,Keita Bates-Diop,10.1,0.8080000000000002,29.088000000000005,1.8,2.9,13.0,0.416,0.253,9.3,0.5,0.8,0.091,-1.0,0.2,366.0,378.5,-12.5
937,Oshae Brissett,8.3,0.7217391304347827,25.98260869565217,1.5,1.1,14.5,0.359,0.542,13.7,0.8,0.9,0.131,-1.8,0.0,430.0,421.5,8.5
938,Jamal Cain,7.5,0.75,27.0,1.9,1.9,16.7,0.392,0.291,8.1,0.1,0.3,0.089,-2.3,0.0,415.0,446.0,-31.0
939,Drew Peterson,8.4,1.0909090909090908,39.27272727272727,4.3,0.0,13.3,0.833,0.0,2.3,0.1,0.0,0.194,5.3,0.0,139.5,417.0,-277.5
940,T.J. Warren,8.1,0.7105263157894737,25.57894736842105,1.6,0.7,16.5,0.317,0.098,10.0,0.0,0.2,0.06,-4.5,-0.1,439.0,426.5,12.5
941,James Bouknight,6.2,1.0689655172413794,38.48275862068966,0.6,1.2,23.9,0.732,0.049,6.2,0.1,0.0,0.062,2.2,0.1,145.0,473.0,-328.0
942,Collin Gillespie,7.600000000000001,0.8085106382978725,29.10638297872341,2.9,0.0,17.1,0.551,0.174,5.2,0.1,0.3,0.076,-2.7,0.0,364.0,438.5,-74.5
943,Gui Santos,7.899999999999999,0.9518072289156624,34.26506024096385,1.0,0.9,15.2,0.491,0.309,13.8,0.5,0.2,0.169,-0.5,0.1,227.0,434.0,-207.0
944,Jarace Walker,10.200000000000005,0.9902912621359226,35.65048543689321,2.1,2.6,16.1,0.5,0.082,10.5,0.1,0.3,0.058,0.2,0.2,194.0,376.0,-182.0
945,Lindy Waters III,7.599999999999999,1.0270270270270268,36.97297297297296,0.9,2.3,17.3,0.817,0.019,8.0,0.6,0.3,0.15,1.9,0.3,171.0,443.0,-272.0
946,Théo Maledon,6.0,0.48,17.28,1.6,0.0,19.6,0.429,0.214,6.3,-0.6,0.1,-0.122,-10.3,-0.5,539.0,482.0,57.0
955,Onuralp Bitim,5.6999999999999975,0.487179487179487,17.538461538461533,0.6,0.8,15.8,0.524,0.06,6.7,-0.3,0.1,-0.027,-7.4,-0.4,537.0,489.0,48.0
956,Jordan McLaughlin,11.7,1.0446428571428572,37.60714285714286,2.8,1.0,12.1,0.614,0.124,6.5,1.4,1.1,0.193,4.2,1.0,157.0,354.0,-197.0
957,Marques Bolden,10.9,0.990909090909091,35.67272727272727,1.2,5.4,10.9,0.04,0.16,15.8,0.2,0.1,0.134,-2.7,0.0,192.0,368.5,-176.5
966,Ryan Rollins,9.400000000000002,1.566666666666667,56.40000000000001,6.0,3.1,23.0,0.148,0.63,8.9,0.1,0.1,0.155,5.7,0.2,12.0,394.5,-382.5
975,Yuta Watanabe,6.499999999999998,0.4779411764705881,17.20588235294117,1.3,1.3,13.3,0.733,0.147,6.5,-0.5,0.4,-0.009,-6.4,-0.5,540.0,466.0,74.0
984,Buddy Boeheim,4.9,0.5833333333333334,21.0,0.0,1.0,17.0,0.862,0.345,6.6,0.1,0.0,0.047,-3.5,0.0,519.0,500.0,19.0
985,Moses Brown,7.9,0.8681318681318682,31.252747252747252,1.2,3.2,19.1,0.0,0.477,24.1,-0.1,0.2,0.044,-6.5,-0.2,304.0,433.0,-129.0
986,Wenyen Gabriel,7.6,0.4691358024691358,16.88888888888889,1.2,2.3,17.0,0.273,0.227,16.9,-0.3,0.1,-0.123,-12.5,-0.2,542.0,441.0,101.0
987,Nassir Little,7.4,0.7254901960784315,26.117647058823533,1.1,1.9,13.9,0.565,0.161,9.3,0.3,0.4,0.074,-3.0,-0.1,427.0,448.5,-21.5
988,Jalen McDaniels,6.0,0.5555555555555555,20.0,1.7,1.0,18.7,0.376,0.196,8.1,-1.1,0.3,-0.074,-9.0,-1.0,525.5,482.0,43.5
989,Jaden Springer,8.7,0.8446601941747571,30.407766990291258,3.5,2.7,17.1,0.324,0.284,8.4,-0.3,0.8,0.052,-3.4,-0.2,329.0,412.0,-83.0
998,Charles Bassey,14.0,1.2962962962962965,46.66666666666666,1.9,6.9,11.9,0.025,0.15,20.0,0.3,0.4,0.157,1.3,0.2,39.0,309.5,-270.5
999,Micah Potter,9.4,0.810344827586207,29.17241379310345,1.0,2.9,10.9,0.525,0.2,12.7,0.2,0.1,0.075,-2.3,0.0,362.0,396.5,-34.5
1000,Dwight Powell,11.200000000000005,0.8421052631578949,30.315789473684216,1.5,2.1,9.1,0.028,0.84,14.0,2.2,0.9,0.181,-0.3,0.4,333.0,361.5,-28.5
1001,Terquavion Smith,6.4,1.207547169811321,43.47169811320755,4.7,0.0,28.4,0.761,0.109,2.6,0.0,0.1,0.05,0.8,0.1,64.0,469.0,-405.0
1002,Garrett Temple,7.600000000000001,0.7102803738317759,25.570093457943933,2.0,0.9,15.0,0.513,0.282,8.6,0.0,0.2,0.032,-4.7,-0.2,440.0,438.5,1.5
1003,Tristan Thompson,9.500000000000002,0.8482142857142859,30.53571428571429,1.1,2.3,13.8,0.008,0.433,17.8,0.6,0.8,0.119,-1.4,0.1,326.0,392.5,-66.5
1004,Oscar Tshiebwe,7.4,1.3962264150943398,50.26415094339623,2.2,1.9,23.5,0.0,0.4,21.6,0.1,0.0,0.221,2.2,0.0,20.0,448.5,-428.5
1005,Kira Lewis Jr.,6.4,0.6736842105263158,24.25263157894737,1.7,0.7,18.5,0.359,0.217,5.4,-0.2,0.2,-0.005,-5.8,-0.3,469.0,469.0,0.0
1021,A.J. Lawson,5.9,0.7972972972972973,28.7027027027027,1.5,0.8,20.0,0.413,0.19,8.8,0.0,0.3,0.036,-4.6,-0.2,377.0,486.5,-109.5
1022,Boban Marjanović,6.1,1.196078431372549,43.05882352941176,0.7,2.6,27.0,0.059,0.412,24.2,0.1,0.1,0.128,-0.3,0.0,74.0,476.5,-402.5
1023,Zeke Nnaji,9.1,0.9191919191919192,33.09090909090909,1.3,5.6,15.4,0.154,0.416,12.1,0.4,0.8,0.099,-3.7,-0.2,259.0,401.5,-142.5
1024,Ish Smith,10.999999999999998,0.6395348837209301,23.023255813953487,1.1,0.5,12.3,0.051,0.025,5.8,-0.5,0.2,-0.025,-6.8,-0.9,495.0,366.5,128.5
1025,JT Thor,8.5,0.6854838709677419,24.677419354838708,0.7,3.2,11.7,0.443,0.109,10.5,0.2,0.3,0.034,-4.5,-0.5,461.0,413.5,47.5
1026,Brandon Williams,4.999999999999998,0.7575757575757573,27.272727272727263,0.4,0.8,26.0,0.278,0.315,6.3,-0.2,0.1,-0.044,-5.5,-0.1,409.0,499.0,-90.0
1027,Wesley Matthews,7.800000000000002,0.6782608695652176,24.417391304347834,1.9,2.4,11.7,0.711,0.247,7.0,0.2,0.3,0.049,-2.8,-0.1,467.0,435.0,32.0
1028,Dalen Terry,9.7,0.8434782608695651,30.365217391304345,2.0,2.7,13.4,0.471,0.274,9.3,0.1,0.7,0.06,-2.3,0.0,330.0,388.0,-58.0
1029,Gabe Vincent,8.399999999999999,0.4242424242424241,15.27272727272727,2.0,0.0,10.9,0.571,0.041,2.3,-0.3,0.1,-0.033,-6.5,-0.2,547.0,419.5,127.5
1030,Mike Muscala,7.2,0.6371681415929203,22.938053097345133,0.7,1.8,13.4,0.615,0.16,11.3,-0.2,0.3,0.009,-5.3,-0.5,496.0,452.0,44.0
1046,Johnny Davis,6.8,0.5528455284552845,19.90243902439024,1.4,1.3,12.2,0.26,0.156,6.3,-0.3,0.2,-0.009,-6.6,-0.7,527.0,459.0,68.0
1047,Saben Lee,6.900000000000001,0.8961038961038963,32.25974025974027,1.8,1.4,18.8,0.291,0.709,9.5,0.2,0.2,0.099,-1.4,0.0,282.0,456.0,-174.0
1048,Olivier-Maxence Prosper,6.4,0.7619047619047619,27.428571428571427,1.0,1.0,16.6,0.433,0.394,12.8,0.2,0.3,0.076,-2.9,-0.1,404.0,469.0,-65.0
1049,Trevelin Queen,8.700000000000001,0.7372881355932204,26.54237288135593,2.1,2.8,13.3,0.447,0.316,7.1,-0.1,0.3,0.056,-3.4,-0.1,419.0,411.0,8.0
1050,Jeremiah Robinson-Earl,6.8,0.7906976744186046,28.465116279069765,1.5,1.2,15.4,0.411,0.168,12.7,0.2,0.4,0.086,-2.2,0.0,380.0,459.0,-79.0
1051,Jeenathan Williams,4.8,0.8135593220338982,29.288135593220336,1.5,0.7,19.7,0.1,0.26,9.6,0.2,0.1,0.11,-1.6,0.0,356.0,502.0,-146.0
1052,D.J. Carton,5.6,0.6222222222222222,22.4,1.3,0.0,13.3,0.5,0.625,6.1,0.0,0.0,0.062,-5.3,0.0,508.0,491.5,16.5
1053,Henri Drell,7.800000000000001,1.04,37.44,3.3,3.4,18.8,0.6,0.2,7.5,0.0,0.0,0.047,-4.9,0.0,161.0,436.0,-275.0
1054,Orlando Robinson,7.500000000000002,0.892857142857143,32.142857142857146,1.1,2.6,14.8,0.208,0.347,15.7,0.4,0.5,0.135,-1.1,0.1,285.0,444.0,-159.0
1055,Emoni Bates,4.0,0.449438202247191,16.179775280898877,0.4,1.4,19.5,0.673,0.082,5.9,-0.4,0.1,-0.092,-9.2,-0.2,545.0,515.0,30.0
1056,Leaky Black,8.8,0.8073394495412844,29.06422018348624,1.4,3.6,10.1,0.385,0.288,9.5,0.3,0.2,0.084,-2.4,0.0,368.0,409.0,-41.0
1057,Damian Jones,7.000000000000002,1.0144927536231887,36.5217391304348,1.3,4.3,15.4,0.194,0.292,12.9,0.4,0.4,0.15,-0.5,0.1,177.0,454.0,-277.0
1058,Malik Williams,9.400000000000002,0.6143790849673204,22.117647058823536,1.4,3.3,15.1,0.147,0.059,19.5,-0.3,0.1,-0.069,-11.5,-0.3,509.0,394.5,114.5
1059,Timmy Allen,8.0,0.32,11.52,1.6,0.0,8.9,0.304,0.087,7.4,-0.2,0.1,-0.041,-11.1,-0.3,552.0,430.0,122.0
1060,Moussa Diabaté,7.200000000000002,1.241379310344828,44.68965517241381,3.9,1.4,18.6,0.0,0.737,21.2,0.2,0.1,0.25,3.5,0.1,51.0,451.0,-400.0
1061,Otto Porter Jr.,7.8,0.6724137931034483,24.20689655172414,1.4,2.5,8.9,0.697,0.091,9.2,0.1,0.1,0.07,-3.2,-0.1,470.0,437.0,33.0
1062,Alex Fudge,4.4,0.6567164179104477,23.64179104477612,3.6,0.0,19.2,0.333,0.133,6.9,0.0,0.0,-0.007,-5.2,0.0,486.0,507.5,-21.5
1071,Dylan Windler,5.6,0.8749999999999999,31.5,0.9,0.0,12.5,0.9,0.0,8.1,0.3,0.0,0.14,0.7,0.1,296.0,491.5,-195.5
1087,Greg Brown III,5.999999999999999,0.8955223880597013,32.238805970149244,0.0,8.8,20.3,0.273,0.818,12.3,0.0,0.0,0.0,-4.4,0.0,284.0,485.0,-201.0
1088,Furkan Korkmaz,6.0,0.6976744186046512,25.116279069767444,2.3,0.9,13.6,0.526,0.263,5.5,0.0,0.3,0.057,-2.7,-0.1,449.0,482.0,-33.0
1089,Alex Len,9.6,1.032258064516129,37.16129032258064,1.2,6.8,11.8,0.037,0.42,16.1,0.6,0.7,0.138,0.2,0.2,166.0,390.0,-224.0
1090,Markieff Morris,5.200000000000001,0.6265060240963857,22.554216867469883,1.1,1.2,16.4,0.618,0.088,9.9,-0.3,0.2,-0.014,-5.3,-0.2,507.0,494.0,13.0
1091,Harry Giles,4.100000000000001,0.9534883720930236,34.32558139534885,1.0,2.7,26.7,0.28,0.26,16.4,0.0,0.1,0.027,-4.8,-0.1,226.0,512.0,-286.0
1100,AJ Griffin,3.1,0.3604651162790698,12.976744186046512,0.3,1.1,17.3,0.629,0.032,5.7,-0.4,0.0,-0.12,-9.6,-0.3,550.0,529.0,21.0
1101,Mouhamadou Gueye,9.0,0.8256880733944953,29.724770642201836,1.2,13.2,19.2,0.079,0.237,10.5,-0.5,0.2,-0.147,-11.9,-0.3,344.0,403.5,-59.5
1102,Joe Harris,5.0,0.4716981132075472,16.9811320754717,0.8,1.0,11.0,0.769,0.051,4.3,0.0,0.0,0.001,-5.9,-0.2,541.0,496.5,44.5
1103,Cory Joseph,6.700000000000001,0.5877192982456141,21.157894736842103,0.7,0.9,11.3,0.656,0.109,5.5,0.0,0.2,0.034,-4.7,-0.2,517.0,461.0,56.0
1104,Xavier Moon,6.500000000000001,0.7647058823529412,27.529411764705884,1.2,2.3,19.1,0.37,0.043,8.5,-0.2,0.1,-0.026,-6.1,-0.1,402.0,463.0,-61.0
1105,Jamaree Bouyea,4.4,0.4150943396226416,14.943396226415096,0.5,0.0,16.5,0.321,0.0,11.0,-0.3,0.1,-0.129,-12.3,-0.2,548.0,507.5,40.5
1114,Amari Bailey,4.2,0.6461538461538462,23.261538461538464,2.3,0.0,21.1,0.333,0.292,7.8,-0.1,0.0,-0.044,-8.3,-0.1,492.5,510.5,-18.0
1115,Isaiah Mobley,4.7,0.6527777777777778,23.5,1.4,0.0,16.2,0.417,0.042,7.8,0.0,0.1,0.032,-6.6,-0.1,488.0,503.0,-15.0
1116,Chuma Okeke,5.300000000000001,0.5760869565217392,20.739130434782613,1.0,1.5,13.3,0.732,0.063,10.9,-0.3,0.6,0.029,-3.4,-0.2,522.0,493.0,29.0
1117,Olivier Sarr,6.4,0.9846153846153848,35.44615384615385,0.0,6.6,12.7,0.316,0.789,20.5,0.2,0.2,0.186,-2.6,0.0,198.0,469.0,-271.0
1118,Dereon Seabron,6.3,0.6847826086956522,24.65217391304348,1.8,1.8,12.4,0.154,0.462,7.1,0.0,0.1,0.087,-1.5,0.0,462.0,472.0,-10.0
1119,Cole Swider,3.4,0.7083333333333334,25.5,0.6,1.1,24.0,0.789,0.053,4.6,-0.2,0.1,-0.05,-4.5,-0.1,442.0,525.5,-83.5
1120,Udoka Azubuike,6.000000000000002,0.8450704225352116,30.42253521126762,0.4,4.7,12.6,0.0,0.565,16.0,0.1,0.1,0.1,-3.2,0.0,328.0,478.0,-150.0
1121,Reggie Bullock,6.000000000000001,0.6315789473684211,22.73684210526316,1.4,1.1,9.4,0.817,0.012,9.4,0.1,0.5,0.072,-2.4,0.0,501.0,479.0,22.0
1122,Trent Forrest,8.299999999999999,0.7614678899082568,27.412844036697244,1.3,0.7,11.8,0.111,0.189,6.7,0.1,0.1,0.027,-4.4,-0.3,405.0,423.0,-18.0
1123,Nate Hinton,6.1,1.22,43.92,1.9,2.5,17.7,0.538,0.192,15.7,0.2,0.1,0.187,3.6,0.1,54.0,476.5,-422.5
1124,Andre Jackson Jr.,6.800000000000001,0.68,24.48,1.3,0.9,10.0,0.46,0.11,10.8,0.5,0.5,0.081,-3.6,-0.2,465.0,457.0,8.0
1125,Julian Phillips,4.5,0.5555555555555556,20.0,1.1,2.2,13.0,0.494,0.247,6.2,0.0,0.2,0.031,-5.3,-0.3,524.0,505.5,18.5
1126,Ish Wainright,4.800000000000001,0.8571428571428573,30.857142857142865,3.2,1.5,18.5,0.833,0.083,12.7,0.0,0.1,0.029,-2.4,0.0,317.0,501.0,-184.0
1135,Colby Jones,5.1,0.7968749999999999,28.6875,1.8,2.4,19.1,0.31,0.155,11.7,-0.2,0.2,0.007,-5.0,-0.1,378.0,495.0,-117.0
1136,Mamadi Diakite,4.6000000000000005,1.15,41.400000000000006,2.1,3.5,17.0,0.167,1.0,9.1,0.1,0.0,0.168,3.5,0.0,106.0,504.0,-398.0
1145,Kobe Brown,5.700000000000001,0.6333333333333334,22.800000000000004,1.5,1.4,11.1,0.533,0.022,8.9,0.1,0.3,0.055,-3.8,-0.2,499.5,488.0,11.5
1146,JD Davison,6.1000000000000005,1.2448979591836735,44.81632653061224,1.3,2.3,17.6,0.583,0.333,13.8,0.1,0.1,0.228,3.3,0.1,50.0,475.0,-425.0
1147,Jordan Ford,3.0,0.8108108108108107,29.189189189189182,0.0,0.0,17.3,0.429,0.286,5.1,0.1,0.0,0.157,2.2,0.0,360.5,531.0,-170.5
1148,Kevon Harris,3.5,1.1666666666666667,42.0,0.0,0.0,29.1,0.0,0.0,19.6,0.0,0.0,0.038,-15.8,0.0,93.0,522.5,-429.5
1149,D'Moi Hodge,3.5,0.5932203389830508,21.35593220338983,1.2,2.1,17.8,0.8,0.133,0.0,0.0,0.0,-0.019,-6.3,0.0,515.0,522.5,-7.5
1150,Ty Jerome,4.5,0.6,21.6,0.0,0.0,14.7,0.25,0.0,3.7,0.0,0.0,0.04,-4.9,0.0,512.0,505.5,6.5
1151,Markquis Nowell,11.0,2.75,99.0,12.1,0.0,20.1,0.0,2.0,27.5,0.0,0.0,0.665,43.3,0.0,1.0,365.0,-364.0
1152,Jericho Sims,8.4,0.6461538461538462,23.261538461538464,0.7,3.0,6.0,0.0,0.436,14.1,0.9,0.7,0.127,-1.8,0.0,492.5,417.0,75.5
1153,Lindell Wigginton,1.1,0.4074074074074073,14.666666666666664,0.0,0.0,37.1,0.4,0.4,0.0,0.0,0.0,-0.154,-23.9,0.0,549.0,558.0,-9.0
1154,Isaiah Wong,1.0,0.25,9.0,0.0,0.0,31.4,0.333,0.0,0.0,0.0,0.0,-0.277,-19.0,0.0,560.0,559.0,1.0
1155,Justin Minaya,5.600000000000001,0.5000000000000001,18.000000000000004,1.2,2.4,9.7,0.662,0.122,8.2,-0.1,0.2,0.009,-5.6,-0.3,533.5,490.0,43.5
1156,Daishen Nix,3.2,0.9696969696969698,34.909090909090914,4.9,0.0,28.0,0.708,0.25,3.4,-0.1,0.1,0.014,-1.4,0.0,214.0,528.0,-314.0
1157,Cody Zeller,6.0,0.8108108108108107,29.189189189189182,1.4,1.5,12.9,0.048,0.613,19.5,0.4,0.4,0.124,-2.6,0.0,360.5,482.0,-121.5
1158,Taj Gibson,6.4,0.627450980392157,22.58823529411765,0.7,3.2,9.0,0.27,0.054,10.2,0.0,0.2,0.044,-5.3,-0.2,505.0,469.0,36.0
1167,P.J. Tucker,7.6,0.4840764331210191,17.42675159235669,1.6,1.3,5.3,0.7,0.06,9.8,0.2,0.5,0.068,-3.6,-0.2,538.0,441.0,97.0
1176,Kessler Edwards,4.1,0.803921568627451,28.94117647058824,1.8,1.3,14.0,0.634,0.11,8.5,0.2,0.3,0.083,-1.5,0.0,371.0,513.5,-142.5
1177,Leonard Miller,4.999999999999999,1.6129032258064513,58.06451612903225,1.9,1.7,18.6,0.25,0.1,21.8,0.2,0.1,0.323,9.6,0.2,11.0,498.0,-487.0
1178,Jason Preston,8.799999999999999,0.8712871287128712,31.36633663366336,1.4,1.3,12.4,0.158,0.0,13.2,0.0,0.0,0.026,-2.6,0.0,301.0,410.0,-109.0
1179,Jordan Walsh,7.1,0.7717391304347826,27.78260869565217,3.0,1.1,9.9,0.6,0.133,13.0,0.0,0.2,0.089,-3.8,0.0,398.0,453.0,-55.0
1180,Jalen Hood-Schifino,1.5999999999999996,0.3076923076923076,11.076923076923071,1.3,1.6,24.9,0.333,0.444,6.6,-0.6,0.1,-0.222,-16.1,-0.4,554.0,554.0,0.0
1181,Jett Howard,2.8,0.7567567567567567,27.24324324324324,1.5,2.8,22.7,0.833,0.133,6.1,-0.1,0.1,0.005,-1.8,0.0,411.0,534.0,-123.0
1182,Seth Lundy,1.3,0.2241379310344827,8.068965517241379,0.0,0.0,15.8,0.765,0.235,7.3,-0.1,0.0,-0.092,-12.7,-0.1,562.0,557.0,5.0
1183,Jordan Miller,2.2,0.6285714285714287,22.628571428571437,0.0,0.0,17.0,0.222,0.222,10.1,0.1,0.0,0.116,-3.8,0.0,504.0,544.5,-40.5
1184,Josh Minott,4.1,1.4642857142857142,52.71428571428571,2.7,4.9,21.4,0.278,0.389,10.6,0.2,0.2,0.222,5.1,0.2,16.0,513.5,-497.5
1185,Jalen Pickett,3.7,0.8222222222222223,29.6,1.6,0.0,16.4,0.714,0.114,6.4,0.0,0.1,0.065,-3.3,0.0,345.0,518.5,-173.5
1186,Ibou Badji,7.6,0.7378640776699028,26.5631067961165,0.7,8.0,8.0,0.0,0.545,12.6,0.0,0.2,0.046,-5.8,-0.2,417.0,441.0,-24.0
1187,Colin Castleton,2.9000000000000004,0.7837837837837839,28.21621621621622,1.6,0.0,15.8,0.0,0.375,11.3,0.1,0.0,0.128,-5.2,0.0,387.0,533.0,-146.0
1188,Adam Flagler,3.5,0.5,18.0,0.0,0.0,21.7,0.857,0.0,0.0,0.0,0.0,-0.159,-10.6,0.0,535.5,522.5,13.0
1189,Terry Taylor,3.999999999999999,0.6557377049180326,23.60655737704917,1.3,1.1,11.3,0.231,0.128,11.0,0.1,0.1,0.07,-3.2,0.0,487.0,516.0,-29.0
1190,Dariq Whitehead,6.5,0.5416666666666666,19.5,0.0,3.8,10.6,0.6,0.4,9.1,0.0,0.0,-0.03,-7.9,0.0,529.0,464.5,64.5
1191,Jack White,6.8,0.425,15.3,3.1,1.5,12.1,0.625,0.0,10.3,-0.2,0.1,-0.1,-10.3,-0.1,546.0,459.0,87.0
1192,Kendall Brown,1.9,0.4523809523809523,16.285714285714285,0.0,0.0,13.7,0.133,0.533,4.5,0.1,0.0,0.045,-6.8,-0.1,544.0,551.0,-7.0
1193,Mason Jones,3.8,0.6785714285714286,24.42857142857143,1.7,0.0,16.6,0.875,0.25,10.0,0.0,0.0,-0.018,-5.5,0.0,466.0,517.0,-51.0
1194,Jerome Robinson,1.7000000000000002,0.4594594594594595,16.54054054054054,0.6,3.3,20.7,0.515,0.333,4.0,-0.1,0.1,-0.04,-8.3,-0.1,543.0,553.0,-10.0
1195,Jermaine Samuels,3.7,0.8604651162790699,30.976744186046517,0.8,3.1,10.5,0.143,0.143,11.6,0.1,0.1,0.178,0.8,0.0,312.0,518.5,-206.5
1196,Jacob Toppin,3.2999999999999994,0.7857142857142856,28.28571428571428,0.0,2.5,12.4,0.444,0.222,10.3,0.1,0.0,0.161,-0.7,0.0,383.0,527.0,-144.0
1197,R.J. Hampton,2.4000000000000004,0.2526315789473685,9.094736842105265,0.0,0.0,10.5,0.571,0.143,4.5,-0.1,0.0,-0.038,-9.5,-0.1,559.0,542.0,17.0
1198,Nathan Mensah,6.5,0.5284552845528455,19.02439024390244,1.0,4.3,6.8,0.0,0.429,11.9,0.0,0.2,0.023,-8.8,-0.5,531.0,464.5,66.5
1199,Isaiah Thomas,1.9000000000000004,0.5937500000000001,21.375000000000004,0.0,0.0,22.8,0.4,0.0,0.0,0.0,0.0,-0.03,-6.9,0.0,514.0,549.0,-35.0
1200,TyTy Washington Jr.,3.0,0.5882352941176471,21.176470588235293,2.6,0.0,17.0,0.3,0.0,4.9,-0.1,0.1,-0.072,-8.2,-0.1,516.0,531.0,-15.0
1201,Jay Huff,3.4,1.36,48.96,2.0,5.2,15.0,0.6,0.133,12.4,0.1,0.1,0.212,1.3,0.0,26.0,525.5,-499.5
1202,Keyontae Johnson,2.2,0.3013698630136986,10.849315068493151,0.7,0.0,13.1,0.188,0.0,8.4,-0.1,0.1,-0.068,-9.8,-0.1,556.0,544.5,11.5
1203,Chris Livingston,2.5,0.5813953488372092,20.930232558139533,1.1,0.0,13.8,0.227,0.182,12.8,0.0,0.1,0.027,-8.0,-0.1,520.5,539.5,-19.0
1204,Braxton Key,3.5,1.1666666666666667,42.0,1.7,1.4,15.7,0.294,0.471,16.6,0.1,0.1,0.18,2.1,0.1,93.0,522.5,-429.5
1205,Robin Lopez,2.7,0.6585365853658538,23.70731707317073,0.7,3.9,14.5,0.421,0.105,4.2,0.0,0.0,0.007,-6.1,-0.1,483.0,536.0,-53.0
1206,Admiral Schofield,1.9,0.5135135135135135,18.486486486486484,0.6,0.0,16.6,0.615,0.077,11.9,-0.1,0.1,0.006,-4.9,-0.1,532.0,551.0,-19.0
1207,Hunter Tyson,1.9,0.7037037037037037,25.333333333333336,1.0,0.0,20.0,0.7,0.0,10.4,0.0,0.1,0.007,-8.9,-0.1,445.0,551.0,-106.0
1208,Filip Petrušev,0.8000000000000002,0.2424242424242425,8.72727272727273,0.0,0.0,12.3,0.0,1.0,5.5,0.0,0.0,0.029,-8.0,0.0,561.0,560.0,1.0
1217,Hamidou Diallo,6.0,2.4,86.39999999999999,18.7,0.0,25.3,0.0,0.0,21.4,0.0,0.0,0.204,18.7,0.0,2.0,482.0,-480.0
1218,Frank Ntilikina,2.2,0.2558139534883721,9.209302325581396,0.0,0.0,11.2,0.889,0.222,7.8,-0.1,0.0,-0.099,-13.4,-0.1,558.0,544.5,13.5
1219,Joshua Primo,-1.0,-0.2,-7.2,0.0,9.0,30.7,0.333,0.0,5.6,-0.1,0.0,-0.585,-25.0,-0.1,569.0,570.5,-1.5
1220,Thanasis Antetokounmpo,2.7,0.5869565217391304,21.130434782608692,2.2,2.2,12.5,0.033,0.067,4.6,-0.2,0.1,-0.01,-6.4,-0.2,518.0,536.0,-18.0
1221,James Johnson,4.2,0.8076923076923077,29.07692307692308,5.0,1.7,14.2,0.2,0.2,4.8,-0.1,0.1,-0.05,-5.8,0.0,367.0,510.5,-143.5
1222,Charlie Brown Jr.,1.3000000000000005,0.282608695652174,10.173913043478263,0.0,5.1,14.0,0.7,0.0,3.0,-0.1,0.0,-0.124,-13.6,-0.1,557.0,556.0,1.0
1223,DaQuan Jeffries,1.4999999999999998,0.5555555555555555,20.0,0.0,2.0,19.6,0.588,0.118,6.1,-0.1,0.0,-0.087,-8.1,-0.1,525.5,555.0,-29.5
1224,Shaquille Harrison,2.5,1.2499999999999998,44.99999999999999,0.0,15.6,14.3,0.0,0.0,18.2,0.0,0.0,0.09,4.6,0.0,49.0,539.5,-490.5
1225,Quenton Jackson,4.3,1.162162162162162,41.83783783783783,4.3,0.0,7.2,0.0,2.0,20.6,0.0,0.0,0.203,3.3,0.0,97.0,509.0,-412.0
1226,Wendell Moore Jr.,2.1,0.7000000000000001,25.200000000000003,3.3,1.2,13.0,0.333,0.0,9.1,-0.1,0.2,0.052,-2.8,0.0,446.0,547.0,-101.0
1227,Jalen Slawson,2.2,0.7096774193548386,25.548387096774192,1.3,2.5,9.2,0.333,0.0,10.6,0.0,0.0,0.058,-6.4,0.0,441.0,544.5,-103.5
1228,Pat Spencer,2.5,0.5813953488372092,20.930232558139533,0.0,0.0,8.1,0.5,0.0,8.3,0.0,0.0,0.084,-6.4,0.0,520.5,539.5,-19.0
1229,Alondes Williams,0.0999999999999997,0.0434782608695651,1.5652173913043443,0.0,6.1,29.1,0.5,0.125,3.5,-0.1,0.0,-0.357,-23.2,-0.1,565.0,565.0,0.0
1230,Juan Toscano-Anderson,2.7,0.5625,20.25,0.9,1.7,11.3,0.333,0.0,14.8,-0.1,0.1,-0.024,-9.4,-0.1,523.0,536.0,-13.0
1231,Usman Garuba,3.6,1.2,43.2,2.7,15.1,20.8,0.167,0.333,21.0,-0.1,0.0,-0.124,-10.9,0.0,72.0,520.0,-448.0
1232,E.J. Liddell,2.5,0.8620689655172412,31.034482758620683,4.3,8.6,16.8,0.833,0.333,12.1,-0.1,0.1,-0.091,-4.7,0.0,311.0,539.5,-228.5
1233,Pete Nance,0.1999999999999999,0.0588235294117646,2.117647058823529,1.8,0.0,12.9,0.167,0.333,6.2,-0.1,0.0,-0.154,-15.2,-0.1,564.0,564.0,0.0
1234,Maxwell Lewis,0.2000000000000001,0.0666666666666667,2.400000000000001,0.9,0.8,13.6,0.429,0.143,2.2,-0.5,0.0,-0.195,-13.5,-0.3,563.0,563.0,0.0
1235,Ryan Arcidiacono,0.7,0.3043478260869565,10.956521739130435,2.2,0.0,7.7,1.0,0.0,10.0,-0.1,0.1,-0.089,-9.6,-0.1,555.0,562.0,-7.0
1236,Malcolm Cazalon,0.0,0.0,0.0,0.0,0.0,0.0,,,0.0,0.0,0.0,-0.012,-9.1,0.0,567.0,567.0,0.0
1237,Jalen Crutcher,-1.0,-0.3333333333333333,-12.0,0.0,0.0,14.5,0.0,0.0,0.0,0.0,0.0,-0.334,-26.2,0.0,570.0,570.5,-0.5
1238,Andrew Funk,0.8,0.3076923076923077,11.076923076923077,3.8,7.9,13.5,0.75,0.0,0.0,-0.1,0.0,-0.252,-14.4,0.0,553.0,561.0,-8.0
1239,Kaiser Gates,-3.0,-0.4285714285714285,-15.428571428571429,0.0,0.0,24.9,0.5,0.0,8.0,-0.1,0.0,-0.558,-28.8,-0.1,571.0,572.0,-1.0
1240,Danny Green,3.0,0.3333333333333333,12.0,2.7,0.0,4.8,0.5,0.0,6.1,0.0,0.0,-0.035,-6.6,0.0,551.0,531.0,20.0
1241,Ron Harper Jr.,2.0,0.5,18.0,0.0,0.0,0.0,,,0.0,0.0,0.0,0.087,-8.8,0.0,535.5,548.0,-12.5
1242,Justin Jackson,0.0,0.0,0.0,0.0,0.0,0.0,,,0.0,0.0,0.0,0.031,-7.5,0.0,567.0,567.0,0.0
1243,Dmytro Skapintsev,-0.5,-0.5,-18.0,0.0,0.0,21.6,0.0,0.0,0.0,0.0,0.0,-0.483,-25.9,0.0,572.0,569.0,3.0
1244,Javonte Smart,0.0,0.0,0.0,0.0,0.0,0.0,,,0.0,0.0,0.0,0.005,-8.3,0.0,567.0,567.0,0.0
